-- MySQL dump 10.13  Distrib 8.0.19, for Linux (x86_64)
--
-- Host: localhost    Database: vk
-- ------------------------------------------------------
-- Server version	8.0.19

/*!40101 SET @OLD_CHARACTER_SET_CLIENT=@@CHARACTER_SET_CLIENT */;
/*!40101 SET @OLD_CHARACTER_SET_RESULTS=@@CHARACTER_SET_RESULTS */;
/*!40101 SET @OLD_COLLATION_CONNECTION=@@COLLATION_CONNECTION */;
/*!50503 SET NAMES utf8mb4 */;
/*!40103 SET @OLD_TIME_ZONE=@@TIME_ZONE */;
/*!40103 SET TIME_ZONE='+00:00' */;
/*!40014 SET @OLD_UNIQUE_CHECKS=@@UNIQUE_CHECKS, UNIQUE_CHECKS=0 */;
/*!40014 SET @OLD_FOREIGN_KEY_CHECKS=@@FOREIGN_KEY_CHECKS, FOREIGN_KEY_CHECKS=0 */;
/*!40101 SET @OLD_SQL_MODE=@@SQL_MODE, SQL_MODE='NO_AUTO_VALUE_ON_ZERO' */;
/*!40111 SET @OLD_SQL_NOTES=@@SQL_NOTES, SQL_NOTES=0 */;

--
-- Table structure for table `communities`
--

DROP TABLE IF EXISTS `communities`;
/*!40101 SET @saved_cs_client     = @@character_set_client */;
/*!50503 SET character_set_client = utf8mb4 */;
CREATE TABLE `communities` (
  `id` int unsigned NOT NULL AUTO_INCREMENT,
  `name` varchar(150) CHARACTER SET utf8 COLLATE utf8_unicode_ci NOT NULL,
  `photo_id` int unsigned DEFAULT NULL,
  PRIMARY KEY (`id`),
  UNIQUE KEY `name` (`name`),
  KEY `communities_photo_id_fk` (`photo_id`),
  CONSTRAINT `communities_photo_id_fk` FOREIGN KEY (`photo_id`) REFERENCES `media` (`id`) ON DELETE SET NULL
) ENGINE=InnoDB AUTO_INCREMENT=7 DEFAULT CHARSET=utf8 COLLATE=utf8_unicode_ci;
/*!40101 SET character_set_client = @saved_cs_client */;

--
-- Dumping data for table `communities`
--

LOCK TABLES `communities` WRITE;
/*!40000 ALTER TABLE `communities` DISABLE KEYS */;
INSERT INTO `communities` VALUES (1,'beginschool',NULL),(2,'highschool',NULL),(3,'family',NULL),(4,'needlework',NULL),(5,'interest',NULL),(6,'hobby',NULL);
/*!40000 ALTER TABLE `communities` ENABLE KEYS */;
UNLOCK TABLES;

--
-- Table structure for table `communities_users`
--

DROP TABLE IF EXISTS `communities_users`;
/*!40101 SET @saved_cs_client     = @@character_set_client */;
/*!50503 SET character_set_client = utf8mb4 */;
CREATE TABLE `communities_users` (
  `community_id` int unsigned NOT NULL,
  `user_id` int unsigned NOT NULL,
  PRIMARY KEY (`community_id`,`user_id`),
  KEY `communities_users_user_id_fk` (`user_id`),
  CONSTRAINT `communities_users_community_id_fk` FOREIGN KEY (`community_id`) REFERENCES `communities` (`id`) ON DELETE CASCADE,
  CONSTRAINT `communities_users_user_id_fk` FOREIGN KEY (`user_id`) REFERENCES `users` (`id`)
) ENGINE=InnoDB DEFAULT CHARSET=utf8 COLLATE=utf8_unicode_ci;
/*!40101 SET character_set_client = @saved_cs_client */;

--
-- Dumping data for table `communities_users`
--

LOCK TABLES `communities_users` WRITE;
/*!40000 ALTER TABLE `communities_users` DISABLE KEYS */;
INSERT INTO `communities_users` VALUES (4,1),(1,2),(6,2),(1,3),(1,4),(6,4),(3,5),(3,6),(5,6),(2,7),(5,7),(6,7),(2,8),(1,9),(5,9),(4,10),(6,10),(3,11),(6,11),(1,12),(4,13),(1,14),(6,14),(4,15),(6,15),(1,16),(1,17),(1,18),(2,19),(4,20),(5,20),(4,21),(3,22),(3,23),(6,23),(4,24),(2,25),(6,25),(2,26),(6,26),(3,27),(5,27),(2,28),(3,29),(3,30),(4,31),(4,32),(4,33),(5,33),(2,34),(1,35),(4,35),(1,36),(6,36),(1,37),(3,38),(2,39),(1,40),(4,41),(6,41),(3,42),(4,43),(3,44),(3,45),(3,46),(2,47),(3,48),(5,48),(1,49),(5,49),(1,50),(6,50),(2,51),(1,52),(5,52),(4,53),(2,54),(1,55),(5,55),(6,55),(1,56),(5,56),(6,56),(4,57),(4,58),(4,59),(5,59),(4,60),(5,60),(6,60),(1,61),(3,62),(5,62),(3,63),(5,63),(3,64),(5,64),(6,64),(2,65),(5,65),(2,66),(6,66),(2,67),(4,68),(6,68),(1,69),(6,69),(4,70),(2,71),(6,71),(1,72),(5,72),(4,73),(1,74),(6,74),(4,75),(5,75),(6,75),(1,76),(5,76),(3,77),(4,78),(2,79),(6,79),(1,80),(5,80),(4,81),(1,82),(2,83),(2,84),(5,84),(2,85),(1,86),(3,87),(4,88),(3,89),(4,90),(5,90),(4,91),(5,91),(3,92),(4,93),(4,94),(3,95),(2,96),(6,96),(1,97),(1,98),(4,99),(1,100);
/*!40000 ALTER TABLE `communities_users` ENABLE KEYS */;
UNLOCK TABLES;

--
-- Table structure for table `friendship`
--

DROP TABLE IF EXISTS `friendship`;
/*!40101 SET @saved_cs_client     = @@character_set_client */;
/*!50503 SET character_set_client = utf8mb4 */;
CREATE TABLE `friendship` (
  `user_id` int unsigned NOT NULL,
  `friend_id` int unsigned NOT NULL,
  `status_id` int unsigned NOT NULL,
  `requested_at` datetime DEFAULT CURRENT_TIMESTAMP,
  `confirmed_at` datetime DEFAULT NULL,
  PRIMARY KEY (`user_id`,`friend_id`),
  KEY `friendship_friend_id_fk` (`friend_id`),
  KEY `friendship_status_id_fk` (`status_id`),
  CONSTRAINT `friendship_friend_id_fk` FOREIGN KEY (`friend_id`) REFERENCES `users` (`id`),
  CONSTRAINT `friendship_status_id_fk` FOREIGN KEY (`status_id`) REFERENCES `friendship_statuses` (`id`),
  CONSTRAINT `friendship_user_id_fk` FOREIGN KEY (`user_id`) REFERENCES `users` (`id`)
) ENGINE=InnoDB DEFAULT CHARSET=utf8 COLLATE=utf8_unicode_ci;
/*!40101 SET character_set_client = @saved_cs_client */;

--
-- Dumping data for table `friendship`
--

LOCK TABLES `friendship` WRITE;
/*!40000 ALTER TABLE `friendship` DISABLE KEYS */;
INSERT INTO `friendship` VALUES (1,20,1,'1992-02-04 17:51:37','1992-02-06 17:51:37'),(2,21,1,'1982-12-03 22:06:19','2017-01-16 23:27:21'),(5,48,2,'1983-06-09 09:40:07','2008-03-16 08:11:22'),(6,100,1,'1982-09-07 14:19:34','1982-09-09 14:19:34'),(7,84,2,'1999-04-13 17:44:51','1999-04-15 17:44:51'),(8,24,1,'1995-09-22 05:54:08','1995-09-24 05:54:08'),(8,77,1,'1975-01-06 07:52:24','1988-08-15 04:27:22'),(9,79,1,'2015-04-21 14:02:09','2015-04-23 14:02:09'),(10,90,1,'1971-05-02 14:41:41','2015-01-30 04:39:57'),(12,27,2,'1986-09-25 10:18:32','2019-08-13 14:40:47'),(13,1,2,'1979-01-23 00:53:00','2003-07-17 21:39:45'),(13,56,1,'2002-12-19 11:02:14','2002-12-21 11:02:14'),(15,9,1,'1984-12-22 20:37:28','2004-12-27 04:02:50'),(15,17,2,'2005-06-27 12:08:47','2005-06-29 12:08:47'),(15,53,1,'2008-03-30 20:56:52','2008-04-01 20:56:52'),(15,72,1,'1990-01-27 11:07:14','1990-01-29 11:07:14'),(16,63,2,'2000-07-12 08:29:57','2000-07-14 08:29:57'),(16,71,2,'1977-07-19 06:50:45','1993-12-30 08:36:21'),(18,19,2,'1998-06-19 04:26:25','1998-06-21 04:26:25'),(18,74,2,'1997-12-02 17:01:11','1997-12-04 17:01:11'),(19,34,2,'1996-11-25 09:25:09','1996-11-27 09:25:09'),(19,84,1,'2007-04-27 10:02:37','2007-04-29 10:02:37'),(20,54,2,'2004-01-17 10:12:03','2004-01-19 10:12:03'),(21,26,1,'1999-09-18 20:06:57','1999-09-20 20:06:57'),(22,68,1,'1999-09-17 01:16:59','2001-12-19 02:01:24'),(23,67,2,'2002-09-19 07:40:59','2013-06-22 20:57:41'),(23,69,1,'1981-06-10 17:13:26','1981-06-12 17:13:26'),(24,45,2,'1995-09-14 07:24:47','1998-10-20 03:18:11'),(25,39,1,'1970-07-20 19:52:30','1998-04-26 10:25:41'),(25,77,1,'2019-10-15 13:31:21','2019-10-17 13:31:21'),(26,48,1,'2016-03-21 23:48:33','2016-03-23 23:48:33'),(27,68,2,'2006-11-23 20:02:45','2006-11-25 20:02:45'),(27,81,2,'1985-02-23 04:04:38','1985-02-25 04:04:38'),(33,19,2,'1999-03-21 04:54:55','1999-03-23 04:54:55'),(33,21,2,'2015-06-28 20:36:05','2015-06-30 20:36:05'),(36,58,2,'2019-06-09 03:54:29','2019-06-11 03:54:29'),(37,19,2,'2013-07-27 15:43:13','2013-07-29 15:43:13'),(37,27,2,'1975-06-06 11:54:50','2010-06-16 01:25:02'),(38,34,1,'1998-01-28 10:27:53','2017-10-27 01:47:38'),(38,64,2,'2002-01-19 11:38:36','2002-01-21 11:38:36'),(39,49,2,'1984-02-14 12:05:46','1984-02-16 12:05:46'),(40,89,1,'1976-11-23 10:25:59','1976-11-25 10:25:59'),(41,55,1,'2007-04-14 13:08:59','2007-04-16 13:08:59'),(41,74,1,'2000-02-11 17:11:58','2000-02-13 17:11:58'),(42,59,1,'1993-05-07 16:17:55','1994-01-28 05:58:17'),(46,7,2,'1993-10-15 20:02:37','2012-03-16 13:01:29'),(46,83,2,'1994-09-26 12:32:20','2013-10-11 01:02:35'),(47,40,1,'1975-04-18 06:01:41','1989-12-10 10:02:02'),(48,77,2,'2003-01-06 14:50:25','2003-01-08 14:50:25'),(49,83,1,'1990-08-30 23:45:37','2010-01-16 23:18:14'),(50,7,2,'1980-12-02 09:43:45','2014-09-18 09:52:58'),(50,42,2,'2010-12-12 20:23:03','2010-12-14 20:23:03'),(54,8,1,'1992-09-13 00:55:24','1992-09-15 00:55:24'),(54,36,1,'1996-06-06 13:24:57','1996-06-08 13:24:57'),(57,82,1,'1993-04-23 14:13:42','1993-04-25 14:13:42'),(57,83,2,'1999-06-21 13:32:44','1999-06-23 13:32:44'),(58,60,2,'1976-03-08 07:21:31','2000-01-18 05:09:34'),(58,64,2,'2006-06-09 05:07:45','2006-06-11 05:07:45'),(59,77,2,'2012-02-10 22:44:58','2012-02-12 22:44:58'),(60,71,1,'1996-11-06 05:45:08','1996-11-08 05:45:08'),(61,53,2,'2016-10-24 12:49:14','2016-10-26 12:49:14'),(61,62,2,'2019-12-05 03:40:52','2019-12-07 03:40:52'),(63,59,1,'2017-11-03 21:39:59','2017-11-05 21:39:59'),(64,21,1,'1996-04-06 18:42:32','1996-04-08 18:42:32'),(65,6,1,'1977-08-21 11:34:50','1987-10-28 09:23:48'),(66,24,1,'2006-11-07 12:31:26','2006-11-09 12:31:26'),(66,53,2,'2019-12-10 20:17:33','2019-12-12 20:17:33'),(67,50,1,'2005-02-22 04:31:27','2005-02-24 04:31:27'),(67,100,2,'1975-12-28 13:22:38','1989-02-10 05:59:00'),(68,39,1,'2003-09-24 09:33:48','2018-01-02 08:32:42'),(68,47,1,'1993-05-30 05:37:46','2011-02-11 00:24:32'),(69,9,1,'2006-03-13 11:13:27','2006-03-15 11:13:27'),(69,70,2,'2010-11-22 14:02:38','2010-11-24 14:02:38'),(69,95,2,'1984-12-11 16:59:00','1986-01-07 17:15:36'),(72,54,2,'2012-02-07 21:53:00','2012-02-09 21:53:00'),(75,25,1,'1993-06-06 15:04:11','2017-09-08 10:31:14'),(77,70,2,'1992-02-11 13:57:29','2013-11-15 11:14:33'),(77,76,2,'1998-04-09 23:56:32','1998-04-11 23:56:32'),(79,70,2,'1977-02-27 23:20:57','1982-02-10 20:11:31'),(80,15,1,'1999-04-15 21:46:10','1999-04-17 21:46:10'),(82,8,2,'2010-07-25 13:40:53','2010-07-27 13:40:53'),(82,51,1,'1994-08-22 09:44:43','2012-06-06 20:10:23'),(82,52,1,'1995-12-22 10:28:07','1995-12-24 10:28:07'),(83,42,1,'1985-04-19 02:20:00','1985-04-21 02:20:00'),(84,14,1,'2005-01-01 10:13:47','2005-01-03 10:13:47'),(88,19,1,'1971-07-20 05:15:47','1985-11-25 06:28:47'),(88,29,2,'2014-04-10 13:37:44','2019-09-20 03:10:35'),(90,34,2,'1991-01-21 17:37:03','2010-05-13 03:15:18'),(94,47,1,'2003-07-06 12:36:35','2003-07-08 12:36:35'),(95,16,1,'2018-11-09 05:50:11','2018-11-11 05:50:11'),(97,12,2,'1983-12-23 15:51:32','1983-12-25 15:51:32'),(97,21,2,'2018-04-30 22:18:04','2018-05-02 22:18:04'),(97,35,2,'2001-10-14 06:33:20','2001-10-16 06:33:20'),(97,83,1,'1982-07-30 14:12:57','2001-01-28 09:11:29'),(97,86,1,'2000-10-31 07:10:59','2000-11-02 07:10:59'),(98,36,1,'1984-07-08 07:28:18','2002-06-06 11:46:42'),(98,69,1,'2014-08-12 00:27:28','2014-08-14 00:27:28'),(99,21,2,'1987-04-27 17:37:37','2014-08-01 10:05:01'),(99,33,2,'1999-09-07 01:07:04','1999-09-09 01:07:04'),(100,73,2,'1980-04-20 14:55:45','2000-03-25 13:02:50');
/*!40000 ALTER TABLE `friendship` ENABLE KEYS */;
UNLOCK TABLES;

--
-- Table structure for table `friendship_statuses`
--

DROP TABLE IF EXISTS `friendship_statuses`;
/*!40101 SET @saved_cs_client     = @@character_set_client */;
/*!50503 SET character_set_client = utf8mb4 */;
CREATE TABLE `friendship_statuses` (
  `id` int unsigned NOT NULL AUTO_INCREMENT,
  `name` varchar(150) CHARACTER SET utf8 COLLATE utf8_unicode_ci NOT NULL,
  PRIMARY KEY (`id`),
  UNIQUE KEY `name` (`name`)
) ENGINE=InnoDB AUTO_INCREMENT=4 DEFAULT CHARSET=utf8 COLLATE=utf8_unicode_ci;
/*!40101 SET character_set_client = @saved_cs_client */;

--
-- Dumping data for table `friendship_statuses`
--

LOCK TABLES `friendship_statuses` WRITE;
/*!40000 ALTER TABLE `friendship_statuses` DISABLE KEYS */;
INSERT INTO `friendship_statuses` VALUES (2,'Confirmed'),(3,'Interrupted'),(1,'Requested');
/*!40000 ALTER TABLE `friendship_statuses` ENABLE KEYS */;
UNLOCK TABLES;

--
-- Table structure for table `likes`
--

DROP TABLE IF EXISTS `likes`;
/*!40101 SET @saved_cs_client     = @@character_set_client */;
/*!50503 SET character_set_client = utf8mb4 */;
CREATE TABLE `likes` (
  `id` int unsigned NOT NULL AUTO_INCREMENT,
  `user_id` int unsigned DEFAULT NULL,
  `target_id` int unsigned NOT NULL,
  `target_type_id` int unsigned NOT NULL,
  `created_at` datetime DEFAULT CURRENT_TIMESTAMP,
  PRIMARY KEY (`id`),
  KEY `likes_user_id_fk` (`user_id`),
  KEY `likes_target_type_id_fk` (`target_type_id`),
  CONSTRAINT `likes_target_type_id_fk` FOREIGN KEY (`target_type_id`) REFERENCES `target_types` (`id`),
  CONSTRAINT `likes_user_id_fk` FOREIGN KEY (`user_id`) REFERENCES `users` (`id`) ON DELETE SET NULL
) ENGINE=InnoDB AUTO_INCREMENT=201 DEFAULT CHARSET=utf8mb4 COLLATE=utf8mb4_0900_ai_ci;
/*!40101 SET character_set_client = @saved_cs_client */;

--
-- Dumping data for table `likes`
--

LOCK TABLES `likes` WRITE;
/*!40000 ALTER TABLE `likes` DISABLE KEYS */;
INSERT INTO `likes` VALUES (1,56,34,1,'2020-01-18 21:45:14'),(2,4,15,3,'2020-01-18 21:45:14'),(3,67,47,2,'2020-01-18 21:45:14'),(4,27,33,4,'2020-01-18 21:45:14'),(5,17,36,2,'2020-01-18 21:45:14'),(6,25,44,2,'2020-01-18 21:45:14'),(7,84,91,1,'2020-01-18 21:45:14'),(8,32,56,4,'2020-01-18 21:45:14'),(9,49,94,1,'2020-01-18 21:45:14'),(10,24,55,1,'2020-01-18 21:45:14'),(11,57,69,3,'2020-01-18 21:45:14'),(12,56,63,2,'2020-01-18 21:45:14'),(13,33,32,3,'2020-01-18 21:45:14'),(14,98,13,3,'2020-01-18 21:45:14'),(15,14,56,2,'2020-01-18 21:45:14'),(16,17,75,1,'2020-01-18 21:45:14'),(17,93,94,4,'2020-01-18 21:45:14'),(18,69,72,3,'2020-01-18 21:45:14'),(19,51,94,1,'2020-01-18 21:45:14'),(20,92,16,1,'2020-01-18 21:45:14'),(21,75,62,4,'2020-01-18 21:45:14'),(22,20,56,1,'2020-01-18 21:45:14'),(23,32,97,4,'2020-01-18 21:45:14'),(24,59,23,2,'2020-01-18 21:45:14'),(25,17,73,1,'2020-01-18 21:45:14'),(26,53,20,2,'2020-01-18 21:45:14'),(27,51,26,4,'2020-01-18 21:45:14'),(28,10,17,3,'2020-01-18 21:45:14'),(29,27,66,2,'2020-01-18 21:45:14'),(30,51,5,3,'2020-01-18 21:45:14'),(31,42,93,2,'2020-01-18 21:45:14'),(32,24,95,1,'2020-01-18 21:45:14'),(33,41,86,1,'2020-01-18 21:45:14'),(34,87,7,3,'2020-01-18 21:45:14'),(35,40,84,4,'2020-01-18 21:45:14'),(36,36,86,1,'2020-01-18 21:45:14'),(37,43,56,2,'2020-01-18 21:45:14'),(38,81,55,2,'2020-01-18 21:45:14'),(39,92,65,2,'2020-01-18 21:45:14'),(40,54,21,2,'2020-01-18 21:45:14'),(41,36,62,4,'2020-01-18 21:45:14'),(42,11,56,2,'2020-01-18 21:45:14'),(43,67,93,3,'2020-01-18 21:45:14'),(44,33,79,4,'2020-01-18 21:45:14'),(45,33,82,1,'2020-01-18 21:45:14'),(46,11,18,3,'2020-01-18 21:45:14'),(47,37,10,2,'2020-01-18 21:45:14'),(48,62,96,4,'2020-01-18 21:45:14'),(49,65,53,3,'2020-01-18 21:45:14'),(50,91,46,3,'2020-01-18 21:45:14'),(51,34,4,1,'2020-01-18 21:45:14'),(52,90,86,3,'2020-01-18 21:45:14'),(53,47,52,1,'2020-01-18 21:45:14'),(54,34,14,3,'2020-01-18 21:45:14'),(55,94,69,3,'2020-01-18 21:45:14'),(56,98,6,2,'2020-01-18 21:45:14'),(57,56,74,1,'2020-01-18 21:45:14'),(58,97,73,3,'2020-01-18 21:45:14'),(59,51,32,1,'2020-01-18 21:45:14'),(60,30,32,3,'2020-01-18 21:45:14'),(61,62,93,4,'2020-01-18 21:45:14'),(62,16,44,3,'2020-01-18 21:45:14'),(63,25,9,3,'2020-01-18 21:45:14'),(64,27,20,1,'2020-01-18 21:45:14'),(65,37,28,1,'2020-01-18 21:45:14'),(66,43,38,3,'2020-01-18 21:45:14'),(67,87,53,1,'2020-01-18 21:45:14'),(68,63,99,1,'2020-01-18 21:45:14'),(69,38,69,2,'2020-01-18 21:45:14'),(70,50,56,2,'2020-01-18 21:45:14'),(71,77,96,2,'2020-01-18 21:45:14'),(72,54,24,3,'2020-01-18 21:45:14'),(73,12,90,1,'2020-01-18 21:45:14'),(74,3,71,2,'2020-01-18 21:45:14'),(75,4,88,2,'2020-01-18 21:45:14'),(76,86,40,2,'2020-01-18 21:45:14'),(77,90,22,2,'2020-01-18 21:45:14'),(78,27,20,1,'2020-01-18 21:45:14'),(79,27,82,2,'2020-01-18 21:45:14'),(80,92,77,1,'2020-01-18 21:45:14'),(81,5,5,1,'2020-01-18 21:45:14'),(82,27,7,3,'2020-01-18 21:45:14'),(83,59,25,2,'2020-01-18 21:45:14'),(84,64,77,4,'2020-01-18 21:45:14'),(85,36,97,4,'2020-01-18 21:45:14'),(86,91,24,2,'2020-01-18 21:45:14'),(87,63,71,3,'2020-01-18 21:45:14'),(88,28,33,4,'2020-01-18 21:45:14'),(89,15,24,4,'2020-01-18 21:45:14'),(90,11,23,4,'2020-01-18 21:45:14'),(91,34,30,2,'2020-01-18 21:45:14'),(92,40,63,4,'2020-01-18 21:45:14'),(93,69,71,2,'2020-01-18 21:45:14'),(94,30,4,2,'2020-01-18 21:45:14'),(95,26,45,2,'2020-01-18 21:45:14'),(96,5,78,4,'2020-01-18 21:45:14'),(97,49,13,1,'2020-01-18 21:45:14'),(98,50,97,2,'2020-01-18 21:45:14'),(99,82,6,4,'2020-01-18 21:45:14'),(100,3,60,4,'2020-01-18 21:45:14'),(101,80,23,3,'2020-01-18 21:45:14'),(102,93,48,3,'2020-01-18 21:45:14'),(103,49,70,1,'2020-01-18 21:45:14'),(104,96,74,4,'2020-01-18 21:45:14'),(105,98,35,4,'2020-01-18 21:45:14'),(106,10,99,3,'2020-01-18 21:45:14'),(107,35,76,3,'2020-01-18 21:45:14'),(108,29,32,3,'2020-01-18 21:45:14'),(109,67,14,3,'2020-01-18 21:45:14'),(110,15,60,3,'2020-01-18 21:45:14'),(111,87,75,1,'2020-01-18 21:45:14'),(112,39,54,3,'2020-01-18 21:45:14'),(113,13,97,2,'2020-01-18 21:45:14'),(114,40,62,4,'2020-01-18 21:45:14'),(115,52,99,2,'2020-01-18 21:45:14'),(116,82,3,3,'2020-01-18 21:45:14'),(117,36,73,3,'2020-01-18 21:45:14'),(118,55,12,4,'2020-01-18 21:45:14'),(119,32,79,4,'2020-01-18 21:45:14'),(120,57,88,3,'2020-01-18 21:45:14'),(121,84,11,1,'2020-01-18 21:45:14'),(122,75,68,1,'2020-01-18 21:45:14'),(123,68,95,3,'2020-01-18 21:45:14'),(124,74,55,3,'2020-01-18 21:45:14'),(125,88,88,4,'2020-01-18 21:45:14'),(126,16,52,1,'2020-01-18 21:45:14'),(127,1,71,2,'2020-01-18 21:45:14'),(128,36,32,2,'2020-01-18 21:45:14'),(129,55,22,2,'2020-01-18 21:45:14'),(130,55,40,2,'2020-01-18 21:45:14'),(131,65,14,3,'2020-01-18 21:45:14'),(132,31,32,3,'2020-01-18 21:45:14'),(133,26,35,4,'2020-01-18 21:45:14'),(134,89,46,3,'2020-01-18 21:45:14'),(135,83,19,2,'2020-01-18 21:45:14'),(136,85,78,2,'2020-01-18 21:45:14'),(137,37,81,4,'2020-01-18 21:45:14'),(138,22,29,4,'2020-01-18 21:45:14'),(139,5,89,2,'2020-01-18 21:45:14'),(140,91,59,1,'2020-01-18 21:45:14'),(141,21,46,3,'2020-01-18 21:45:14'),(142,93,64,2,'2020-01-18 21:45:14'),(143,23,86,3,'2020-01-18 21:45:14'),(144,30,77,4,'2020-01-18 21:45:14'),(145,44,35,2,'2020-01-18 21:45:14'),(146,9,14,2,'2020-01-18 21:45:14'),(147,76,47,1,'2020-01-18 21:45:14'),(148,93,43,2,'2020-01-18 21:45:14'),(149,48,34,1,'2020-01-18 21:45:14'),(150,24,45,2,'2020-01-18 21:45:14'),(151,15,23,3,'2020-01-18 21:45:14'),(152,89,28,3,'2020-01-18 21:45:14'),(153,87,11,4,'2020-01-18 21:45:14'),(154,43,26,1,'2020-01-18 21:45:14'),(155,36,70,2,'2020-01-18 21:45:14'),(156,98,64,1,'2020-01-18 21:45:14'),(157,29,74,4,'2020-01-18 21:45:14'),(158,79,54,2,'2020-01-18 21:45:14'),(159,3,13,3,'2020-01-18 21:45:14'),(160,46,57,2,'2020-01-18 21:45:14'),(161,60,62,2,'2020-01-18 21:45:14'),(162,66,38,4,'2020-01-18 21:45:14'),(163,35,6,1,'2020-01-18 21:45:14'),(164,3,39,4,'2020-01-18 21:45:14'),(165,27,66,2,'2020-01-18 21:45:14'),(166,39,53,2,'2020-01-18 21:45:14'),(167,83,68,4,'2020-01-18 21:45:14'),(168,45,54,2,'2020-01-18 21:45:14'),(169,16,74,1,'2020-01-18 21:45:14'),(170,74,11,2,'2020-01-18 21:45:14'),(171,39,91,2,'2020-01-18 21:45:14'),(172,13,53,2,'2020-01-18 21:45:14'),(173,72,82,4,'2020-01-18 21:45:14'),(174,16,100,3,'2020-01-18 21:45:14'),(175,68,76,4,'2020-01-18 21:45:14'),(176,53,36,1,'2020-01-18 21:45:14'),(177,90,89,4,'2020-01-18 21:45:14'),(178,11,28,1,'2020-01-18 21:45:14'),(179,42,93,2,'2020-01-18 21:45:14'),(180,25,1,2,'2020-01-18 21:45:14'),(181,53,69,4,'2020-01-18 21:45:14'),(182,18,33,1,'2020-01-18 21:45:14'),(183,68,97,4,'2020-01-18 21:45:14'),(184,14,27,4,'2020-01-18 21:45:14'),(185,69,76,3,'2020-01-18 21:45:14'),(186,40,76,3,'2020-01-18 21:45:14'),(187,82,21,3,'2020-01-18 21:45:14'),(188,34,93,3,'2020-01-18 21:45:14'),(189,19,18,2,'2020-01-18 21:45:14'),(190,95,84,2,'2020-01-18 21:45:14'),(191,31,44,2,'2020-01-18 21:45:14'),(192,100,20,1,'2020-01-18 21:45:14'),(193,46,25,4,'2020-01-18 21:45:14'),(194,51,99,2,'2020-01-18 21:45:14'),(195,9,20,3,'2020-01-18 21:45:14'),(196,3,98,4,'2020-01-18 21:45:14'),(197,11,12,2,'2020-01-18 21:45:14'),(198,99,14,3,'2020-01-18 21:45:14'),(199,8,30,1,'2020-01-18 21:45:14'),(200,28,68,3,'2020-01-18 21:45:14');
/*!40000 ALTER TABLE `likes` ENABLE KEYS */;
UNLOCK TABLES;

--
-- Table structure for table `media`
--

DROP TABLE IF EXISTS `media`;
/*!40101 SET @saved_cs_client     = @@character_set_client */;
/*!50503 SET character_set_client = utf8mb4 */;
CREATE TABLE `media` (
  `id` int unsigned NOT NULL AUTO_INCREMENT,
  `media_type_id` int unsigned NOT NULL,
  `user_id` int unsigned NOT NULL,
  `filename` varchar(255) CHARACTER SET utf8 COLLATE utf8_unicode_ci NOT NULL,
  `size` int NOT NULL,
  `metadata` json DEFAULT NULL,
  `created_at` datetime DEFAULT CURRENT_TIMESTAMP,
  `updated_at` datetime DEFAULT CURRENT_TIMESTAMP ON UPDATE CURRENT_TIMESTAMP,
  PRIMARY KEY (`id`),
  KEY `media_user_id_fk` (`user_id`),
  KEY `media_media_type_id_fk` (`media_type_id`),
  CONSTRAINT `media_media_type_id_fk` FOREIGN KEY (`media_type_id`) REFERENCES `media_types` (`id`),
  CONSTRAINT `media_user_id_fk` FOREIGN KEY (`user_id`) REFERENCES `users` (`id`)
) ENGINE=InnoDB AUTO_INCREMENT=101 DEFAULT CHARSET=utf8 COLLATE=utf8_unicode_ci;
/*!40101 SET character_set_client = @saved_cs_client */;

--
-- Dumping data for table `media`
--

LOCK TABLES `media` WRITE;
/*!40000 ALTER TABLE `media` DISABLE KEYS */;
INSERT INTO `media` VALUES (1,1,79,'https://dropbox/vk/labore',0,'{\"owner\": \"Trevor Herzog\"}','1999-09-05 09:20:52','2020-01-08 12:58:56'),(2,1,39,'https://dropbox/vk/explicabo',93287,'{\"owner\": \"Anita Ankunding\"}','1973-07-31 00:36:40','2020-01-08 12:58:56'),(3,3,60,'https://dropbox/vk/atque',0,'{\"owner\": \"Isom Wintheiser\"}','2010-03-05 05:48:44','2020-01-08 12:58:56'),(4,2,82,'https://dropbox/vk/dolorem',3448024,'{\"owner\": \"Shanelle Corwin\"}','1988-09-19 18:33:55','2020-01-08 12:58:56'),(5,1,30,'https://dropbox/vk/qui',263284901,'{\"owner\": \"Julien D\'Amore\"}','1971-08-12 16:16:30','2020-01-08 12:58:56'),(6,2,3,'https://dropbox/vk/quam',0,'{\"owner\": \"Coralie Abbott\"}','1990-06-01 17:31:27','2020-01-08 12:58:56'),(7,1,24,'https://dropbox/vk/et',3187393,'{\"owner\": \"Tyson Williamson\"}','2009-11-07 02:07:34','2020-01-08 12:58:56'),(8,1,10,'https://dropbox/vk/alias',635150,'{\"owner\": \"Janis Waters\"}','1984-09-07 21:36:04','2020-01-08 12:58:56'),(9,3,80,'https://dropbox/vk/est',2724466,'{\"owner\": \"Jeanette Hickle\"}','2010-05-20 19:34:59','2020-01-08 12:58:56'),(10,1,67,'https://dropbox/vk/corporis',0,'{\"owner\": \"Mckenna Wilkinson\"}','2010-01-03 22:03:58','2020-01-08 12:58:56'),(11,2,96,'https://dropbox/vk/aut',178539,'{\"owner\": \"Sadye Effertz\"}','1995-04-22 16:25:41','2020-01-08 12:58:56'),(12,1,77,'https://dropbox/vk/nemo',788974,'{\"owner\": \"Stefanie Dooley\"}','2009-10-22 07:37:45','2020-01-08 12:58:56'),(13,1,95,'https://dropbox/vk/et',0,'{\"owner\": \"Anjali Breitenberg\"}','2019-03-24 20:30:45','2020-01-08 12:58:56'),(14,2,47,'https://dropbox/vk/nulla',790,'{\"owner\": \"Isaias O\'Hara\"}','1972-08-11 08:06:44','2020-01-08 12:58:56'),(15,1,46,'https://dropbox/vk/reiciendis',564082477,'{\"owner\": \"Aiden Ebert\"}','2011-11-15 06:51:41','2020-01-08 12:58:56'),(16,2,92,'https://dropbox/vk/nemo',75204,'{\"owner\": \"Nikita Lebsack\"}','2014-11-19 23:13:28','2020-01-08 12:58:56'),(17,3,20,'https://dropbox/vk/esse',3448,'{\"owner\": \"Ivory Smith\"}','1970-11-06 00:28:23','2020-01-08 12:58:56'),(18,1,25,'https://dropbox/vk/nostrum',3482202,'{\"owner\": \"Lane Botsford\"}','1971-12-14 17:44:36','2020-01-08 12:58:56'),(19,2,62,'https://dropbox/vk/vel',0,'{\"owner\": \"Sydney Streich\"}','1975-05-23 23:52:31','2020-01-08 12:58:56'),(20,3,34,'https://dropbox/vk/facere',7389,'{\"owner\": \"Kamille Huels\"}','1971-07-27 11:40:49','2020-01-08 12:58:56'),(21,1,86,'https://dropbox/vk/aut',978,'{\"owner\": \"London Jast\"}','1978-10-28 08:36:07','2020-01-08 12:58:56'),(22,1,26,'https://dropbox/vk/rerum',8,'{\"owner\": \"Camille Ankunding\"}','2005-05-17 04:21:20','2020-01-08 12:58:56'),(23,1,73,'https://dropbox/vk/placeat',9662,'{\"owner\": \"Berneice Koss\"}','1989-07-01 21:34:21','2020-01-08 12:58:56'),(24,1,87,'https://dropbox/vk/aut',583,'{\"owner\": \"Kacie Wehner\"}','1984-07-11 11:28:36','2020-01-08 12:58:56'),(25,3,15,'https://dropbox/vk/consequuntur',5366628,'{\"owner\": \"Isadore Ryan\"}','1972-07-19 07:06:00','2020-01-08 12:58:56'),(26,1,13,'https://dropbox/vk/harum',609987,'{\"owner\": \"Sanford O\'Kon\"}','1978-05-09 22:35:23','2020-01-08 12:58:56'),(27,3,20,'https://dropbox/vk/assumenda',1883,'{\"owner\": \"Ivory Smith\"}','2006-08-11 23:17:39','2020-01-08 12:58:56'),(28,2,60,'https://dropbox/vk/consequuntur',8437,'{\"owner\": \"Isom Wintheiser\"}','1991-08-17 00:41:43','2020-01-08 12:58:56'),(29,3,39,'https://dropbox/vk/fugit',1,'{\"owner\": \"Anita Ankunding\"}','1991-03-30 01:03:58','2020-01-08 12:58:56'),(30,2,14,'https://dropbox/vk/sit',49453988,'{\"owner\": \"Maximillian Bednar\"}','1975-02-01 15:01:36','2020-01-08 12:58:56'),(31,3,55,'https://dropbox/vk/ea',0,'{\"owner\": \"Lucy Doyle\"}','1991-11-12 04:55:06','2020-01-08 12:58:56'),(32,3,31,'https://dropbox/vk/ut',0,'{\"owner\": \"Kayleigh Herman\"}','1973-04-06 21:43:12','2020-01-08 12:58:56'),(33,2,91,'https://dropbox/vk/eum',42,'{\"owner\": \"Taylor Kris\"}','2000-05-21 08:17:47','2020-01-08 12:58:56'),(34,3,62,'https://dropbox/vk/ea',802805,'{\"owner\": \"Sydney Streich\"}','2012-06-09 09:37:53','2020-01-08 12:58:56'),(35,1,35,'https://dropbox/vk/architecto',24947,'{\"owner\": \"Edwardo Gorczany\"}','1996-11-17 11:08:44','2020-01-08 12:58:56'),(36,1,90,'https://dropbox/vk/ullam',937399326,'{\"owner\": \"Norbert Eichmann\"}','1985-05-21 21:45:44','2020-01-08 12:58:56'),(37,3,44,'https://dropbox/vk/sunt',6,'{\"owner\": \"Darrel Schiller\"}','1979-01-29 09:01:11','2020-01-08 12:58:56'),(38,3,49,'https://dropbox/vk/voluptates',487551652,'{\"owner\": \"Angelina Cummings\"}','1976-03-12 00:39:02','2020-01-08 12:58:56'),(39,1,11,'https://dropbox/vk/qui',157318,'{\"owner\": \"Isaiah Halvorson\"}','1993-09-01 06:51:37','2020-01-08 12:58:56'),(40,1,8,'https://dropbox/vk/sit',895718770,'{\"owner\": \"Herbert Larkin\"}','1983-10-05 19:39:25','2020-01-08 12:58:56'),(41,2,6,'https://dropbox/vk/recusandae',6142,'{\"owner\": \"Destinee Bins\"}','1983-11-28 12:15:37','2020-01-08 12:58:56'),(42,2,5,'https://dropbox/vk/at',52,'{\"owner\": \"Edythe Torp\"}','1988-07-09 14:32:28','2020-01-08 12:58:56'),(43,1,5,'https://dropbox/vk/similique',349,'{\"owner\": \"Edythe Torp\"}','2010-07-21 21:25:33','2020-01-08 12:58:56'),(44,3,12,'https://dropbox/vk/molestias',721637,'{\"owner\": \"Juwan Maggio\"}','2017-06-26 21:46:13','2020-01-08 12:58:56'),(45,3,45,'https://dropbox/vk/facere',70,'{\"owner\": \"Vladimir Lemke\"}','2005-12-28 01:01:24','2020-01-08 12:58:56'),(46,2,88,'https://dropbox/vk/sed',71,'{\"owner\": \"Bryon Cartwright\"}','2007-04-21 21:24:13','2020-01-08 12:58:56'),(47,3,5,'https://dropbox/vk/at',80974641,'{\"owner\": \"Edythe Torp\"}','1995-08-02 19:11:58','2020-01-08 12:58:56'),(48,1,62,'https://dropbox/vk/cum',569897,'{\"owner\": \"Sydney Streich\"}','1980-04-21 22:13:39','2020-01-08 12:58:56'),(49,2,93,'https://dropbox/vk/ipsam',5,'{\"owner\": \"Clara Schinner\"}','2004-05-17 01:16:02','2020-01-08 12:58:56'),(50,3,79,'https://dropbox/vk/illum',90,'{\"owner\": \"Trevor Herzog\"}','2015-10-10 17:46:47','2020-01-08 12:58:56'),(51,3,17,'https://dropbox/vk/deserunt',85,'{\"owner\": \"Bette Larkin\"}','2012-10-08 20:48:53','2020-01-08 12:58:56'),(52,1,48,'https://dropbox/vk/eum',0,'{\"owner\": \"Odell Jenkins\"}','2019-08-01 14:35:06','2020-01-08 12:58:56'),(53,2,86,'https://dropbox/vk/fugit',465,'{\"owner\": \"London Jast\"}','1986-05-10 22:12:28','2020-01-08 12:58:56'),(54,3,86,'https://dropbox/vk/eum',2572,'{\"owner\": \"London Jast\"}','1973-10-26 02:49:01','2020-01-08 12:58:56'),(55,1,72,'https://dropbox/vk/quibusdam',36372745,'{\"owner\": \"Lilliana Torp\"}','2014-01-24 03:33:31','2020-01-08 12:58:56'),(56,1,1,'https://dropbox/vk/quam',516945,'{\"owner\": \"Kody Gerlach\"}','2004-07-02 21:39:20','2020-01-08 12:58:56'),(57,1,88,'https://dropbox/vk/est',9,'{\"owner\": \"Bryon Cartwright\"}','2004-10-18 23:14:02','2020-01-08 12:58:56'),(58,1,37,'https://dropbox/vk/quisquam',611,'{\"owner\": \"Eula Reynolds\"}','1995-06-13 06:36:21','2020-01-08 12:58:56'),(59,1,20,'https://dropbox/vk/quisquam',1959,'{\"owner\": \"Ivory Smith\"}','1999-10-03 18:20:09','2020-01-08 12:58:56'),(60,2,89,'https://dropbox/vk/distinctio',2,'{\"owner\": \"Garrett Nikolaus\"}','2004-09-06 03:19:14','2020-01-08 12:58:56'),(61,3,86,'https://dropbox/vk/ut',2182,'{\"owner\": \"London Jast\"}','1988-06-16 03:00:30','2020-01-08 12:58:56'),(62,3,59,'https://dropbox/vk/similique',6,'{\"owner\": \"Matt Ortiz\"}','1984-02-13 01:26:57','2020-01-08 12:58:56'),(63,1,40,'https://dropbox/vk/blanditiis',1482,'{\"owner\": \"Isac Dietrich\"}','2017-02-23 14:10:56','2020-01-08 12:58:56'),(64,3,20,'https://dropbox/vk/odit',5261,'{\"owner\": \"Ivory Smith\"}','2013-02-23 01:12:20','2020-01-08 12:58:56'),(65,2,78,'https://dropbox/vk/hic',643,'{\"owner\": \"Bernard Sipes\"}','2016-05-29 03:30:15','2020-01-08 12:58:56'),(66,2,33,'https://dropbox/vk/sint',71302287,'{\"owner\": \"Don Christiansen\"}','1979-05-06 10:26:40','2020-01-08 12:58:56'),(67,3,28,'https://dropbox/vk/sunt',83655,'{\"owner\": \"Lillian Emmerich\"}','2003-04-26 18:24:04','2020-01-08 12:58:56'),(68,3,42,'https://dropbox/vk/quaerat',460752830,'{\"owner\": \"Antwan Hudson\"}','2017-07-31 06:11:55','2020-01-08 12:58:56'),(69,1,25,'https://dropbox/vk/et',0,'{\"owner\": \"Lane Botsford\"}','1971-09-13 14:02:31','2020-01-08 12:58:56'),(70,2,97,'https://dropbox/vk/repellendus',65759958,'{\"owner\": \"Jena Bernier\"}','1974-06-02 08:57:02','2020-01-08 12:58:56'),(71,1,13,'https://dropbox/vk/et',89,'{\"owner\": \"Sanford O\'Kon\"}','1972-08-22 19:49:46','2020-01-08 12:58:56'),(72,1,70,'https://dropbox/vk/esse',35539,'{\"owner\": \"Nichole Rolfson\"}','1995-07-18 15:05:09','2020-01-08 12:58:56'),(73,3,13,'https://dropbox/vk/cumque',965,'{\"owner\": \"Sanford O\'Kon\"}','1983-05-04 16:49:30','2020-01-08 12:58:56'),(74,2,52,'https://dropbox/vk/quia',6,'{\"owner\": \"Cornelius Crooks\"}','1995-05-31 03:17:46','2020-01-08 12:58:56'),(75,2,22,'https://dropbox/vk/aliquid',5,'{\"owner\": \"Mariela Wuckert\"}','2010-05-23 01:32:36','2020-01-08 12:58:56'),(76,1,54,'https://dropbox/vk/ut',4,'{\"owner\": \"Fredrick Von\"}','1976-07-23 07:27:50','2020-01-08 12:58:56'),(77,3,4,'https://dropbox/vk/ad',614128,'{\"owner\": \"Margaret King\"}','1993-02-15 06:23:19','2020-01-08 12:58:56'),(78,1,57,'https://dropbox/vk/repellat',0,'{\"owner\": \"Elijah Fay\"}','2010-03-13 14:36:02','2020-01-08 12:58:56'),(79,3,73,'https://dropbox/vk/blanditiis',6,'{\"owner\": \"Berneice Koss\"}','1984-10-31 15:15:45','2020-01-08 12:58:56'),(80,2,95,'https://dropbox/vk/nulla',562976,'{\"owner\": \"Anjali Breitenberg\"}','1982-03-01 07:59:10','2020-01-08 12:58:56'),(81,1,52,'https://dropbox/vk/necessitatibus',86570783,'{\"owner\": \"Cornelius Crooks\"}','1970-03-16 05:55:05','2020-01-08 12:58:56'),(82,3,76,'https://dropbox/vk/ex',7263019,'{\"owner\": \"Reuben Dietrich\"}','1978-07-20 14:15:31','2020-01-08 12:58:56'),(83,1,25,'https://dropbox/vk/vel',4952,'{\"owner\": \"Lane Botsford\"}','1989-06-20 18:18:38','2020-01-08 12:58:56'),(84,3,97,'https://dropbox/vk/fuga',302,'{\"owner\": \"Jena Bernier\"}','1979-02-27 18:25:32','2020-01-08 12:58:56'),(85,2,10,'https://dropbox/vk/facilis',95169119,'{\"owner\": \"Janis Waters\"}','1990-10-21 23:28:51','2020-01-08 12:58:56'),(86,2,59,'https://dropbox/vk/tempore',0,'{\"owner\": \"Matt Ortiz\"}','2005-08-28 21:16:43','2020-01-08 12:58:56'),(87,1,65,'https://dropbox/vk/voluptas',44006671,'{\"owner\": \"Lelah Stark\"}','1998-09-04 10:31:11','2020-01-08 12:58:56'),(88,3,44,'https://dropbox/vk/nihil',4306,'{\"owner\": \"Darrel Schiller\"}','2018-09-18 20:31:47','2020-01-08 12:58:56'),(89,1,28,'https://dropbox/vk/laborum',673,'{\"owner\": \"Lillian Emmerich\"}','1977-05-12 17:35:33','2020-01-08 12:58:56'),(90,3,7,'https://dropbox/vk/minus',32371096,'{\"owner\": \"Collin Okuneva\"}','1986-05-24 09:15:07','2020-01-08 12:58:56'),(91,1,51,'https://dropbox/vk/natus',38,'{\"owner\": \"Loyce Oberbrunner\"}','2010-09-04 15:11:43','2020-01-08 12:58:56'),(92,1,31,'https://dropbox/vk/laboriosam',0,'{\"owner\": \"Kayleigh Herman\"}','1974-05-13 08:32:47','2020-01-08 12:58:56'),(93,1,5,'https://dropbox/vk/deserunt',86307,'{\"owner\": \"Edythe Torp\"}','1991-02-28 06:46:16','2020-01-08 12:58:56'),(94,2,29,'https://dropbox/vk/deleniti',1,'{\"owner\": \"Cruz Kessler\"}','1983-07-12 03:48:12','2020-01-08 12:58:56'),(95,1,29,'https://dropbox/vk/fuga',939,'{\"owner\": \"Cruz Kessler\"}','1983-03-15 00:52:14','2020-01-08 12:58:56'),(96,1,60,'https://dropbox/vk/est',287,'{\"owner\": \"Isom Wintheiser\"}','1991-02-15 00:29:22','2020-01-08 12:58:56'),(97,1,12,'https://dropbox/vk/consequatur',575245,'{\"owner\": \"Juwan Maggio\"}','1990-10-19 11:40:11','2020-01-08 12:58:56'),(98,1,77,'https://dropbox/vk/nobis',8467,'{\"owner\": \"Stefanie Dooley\"}','2008-05-13 00:42:42','2020-01-08 12:58:56'),(99,1,50,'https://dropbox/vk/blanditiis',7948047,'{\"owner\": \"Rocio Schiller\"}','2004-11-20 12:20:40','2020-01-08 12:58:56'),(100,2,20,'https://dropbox/vk/corporis',18079,'{\"owner\": \"Ivory Smith\"}','2007-09-01 17:25:04','2020-01-08 12:58:56');
/*!40000 ALTER TABLE `media` ENABLE KEYS */;
UNLOCK TABLES;

--
-- Table structure for table `media_types`
--

DROP TABLE IF EXISTS `media_types`;
/*!40101 SET @saved_cs_client     = @@character_set_client */;
/*!50503 SET character_set_client = utf8mb4 */;
CREATE TABLE `media_types` (
  `id` int unsigned NOT NULL AUTO_INCREMENT,
  `name` varchar(255) CHARACTER SET utf8 COLLATE utf8_unicode_ci NOT NULL,
  PRIMARY KEY (`id`),
  UNIQUE KEY `name` (`name`)
) ENGINE=InnoDB AUTO_INCREMENT=5 DEFAULT CHARSET=utf8 COLLATE=utf8_unicode_ci;
/*!40101 SET character_set_client = @saved_cs_client */;

--
-- Dumping data for table `media_types`
--

LOCK TABLES `media_types` WRITE;
/*!40000 ALTER TABLE `media_types` DISABLE KEYS */;
INSERT INTO `media_types` VALUES (3,'audio'),(1,'photo'),(2,'video');
/*!40000 ALTER TABLE `media_types` ENABLE KEYS */;
UNLOCK TABLES;

--
-- Table structure for table `meetings`
--

DROP TABLE IF EXISTS `meetings`;
/*!40101 SET @saved_cs_client     = @@character_set_client */;
/*!50503 SET character_set_client = utf8mb4 */;
CREATE TABLE `meetings` (
  `id` int unsigned NOT NULL AUTO_INCREMENT,
  `name` varchar(150) CHARACTER SET utf8 COLLATE utf8_unicode_ci NOT NULL,
  `scheduled_at` datetime DEFAULT NULL,
  PRIMARY KEY (`id`),
  UNIQUE KEY `name` (`name`)
) ENGINE=InnoDB AUTO_INCREMENT=101 DEFAULT CHARSET=utf8 COLLATE=utf8_unicode_ci;
/*!40101 SET character_set_client = @saved_cs_client */;

--
-- Dumping data for table `meetings`
--

LOCK TABLES `meetings` WRITE;
/*!40000 ALTER TABLE `meetings` DISABLE KEYS */;
INSERT INTO `meetings` VALUES (1,'Modi ipsa veritatis numquam tempore enim molestias expedita.','2020-12-20 02:55:20'),(2,'Rerum accusamus vel architecto tempora nobis consectetur.','2020-03-19 04:48:45'),(3,'Suscipit dolore eius voluptas eveniet dolorem et quia.','2020-09-27 09:57:38'),(4,'Dolor repellat corrupti nam est eum.','2020-02-07 22:26:22'),(5,'Magnam quisquam rerum maiores odit.','2020-11-28 12:08:09'),(6,'Ut ea facere maxime in qui.','2020-07-02 04:46:11'),(7,'Laboriosam qui culpa voluptas repudiandae.','2020-09-24 20:59:41'),(8,'Ut sed dolores ipsa.','2020-01-29 05:36:39'),(9,'Voluptatem aliquam explicabo consequuntur dolore culpa aut.','2020-09-25 14:09:38'),(10,'Ex et ducimus adipisci quia explicabo.','2020-03-26 04:18:09'),(11,'Sunt iusto non accusantium dolorem cumque ea.','2020-06-02 08:14:19'),(12,'Voluptatum omnis voluptate sint soluta voluptatem consequatur.','2020-04-01 04:52:39'),(13,'Officia consequatur accusantium harum autem.','2020-09-10 02:23:30'),(14,'Natus aut autem recusandae laborum.','2020-08-27 00:19:34'),(15,'Nihil aut laudantium id id.','2020-09-01 06:57:32'),(16,'Et et aliquam qui sint aut.','2020-04-30 01:45:18'),(17,'Sit ipsam aut delectus quasi est voluptates reiciendis ut.','2020-10-20 13:35:06'),(18,'Est dolorem perferendis dignissimos maiores laboriosam consequatur.','2020-04-08 03:48:06'),(19,'Sunt quis qui dolor et.','2020-01-22 01:56:38'),(20,'Voluptate ut dolorem rem aspernatur facilis.','2020-06-28 00:49:16'),(21,'Doloremque quo itaque ut enim est adipisci.','2020-07-06 05:23:37'),(22,'Nostrum iure qui omnis.','2020-03-08 19:42:33'),(23,'Ea hic molestiae quas et.','2020-03-04 02:31:34'),(24,'Atque ullam vitae sed cumque facilis deserunt amet.','2020-03-25 12:03:19'),(25,'Voluptatum eaque non minus nesciunt possimus debitis.','2020-12-24 23:34:02'),(26,'Ea aut qui non quis tempore nobis.','2020-05-23 16:38:59'),(27,'Non doloribus incidunt distinctio delectus earum eos.','2020-08-18 16:20:17'),(28,'Saepe fugit quia aut cum natus incidunt.','2020-11-11 14:44:48'),(29,'Earum exercitationem laborum sapiente quia.','2020-06-11 18:05:50'),(30,'Et aut qui in maiores qui ex.','2020-01-19 05:01:33'),(31,'Animi et eveniet in quas dolor harum vel.','2020-12-16 05:51:10'),(32,'Amet rerum exercitationem consectetur nihil.','2020-04-07 07:43:18'),(33,'Modi tenetur beatae est eveniet minus tenetur aperiam ea.','2020-02-07 04:00:13'),(34,'Expedita facere illo eligendi sed.','2020-11-06 22:59:27'),(35,'Exercitationem qui occaecati numquam fugiat nesciunt incidunt.','2020-12-01 08:07:35'),(36,'Ipsam aut rerum deserunt magni expedita reiciendis illo.','2020-03-30 09:29:29'),(37,'Cum ducimus quia ea cum.','2021-01-06 16:54:07'),(38,'Quaerat officiis vel aut ea et ut.','2020-11-05 12:57:05'),(39,'In rerum quibusdam quo animi.','2020-01-09 02:11:12'),(40,'Tempore et quaerat molestiae.','2020-02-27 09:52:38'),(41,'Inventore sit occaecati ab debitis.','2020-10-17 21:31:28'),(42,'Et provident voluptatum ut qui ut.','2020-12-06 12:13:49'),(43,'Odio aspernatur nam dolore similique laborum aut.','2020-06-20 21:02:59'),(44,'Placeat dicta iure neque qui eum ut quia.','2020-02-16 11:28:25'),(45,'Aut voluptatem enim nostrum ex.','2020-09-23 23:26:48'),(46,'Consequatur aliquid maiores suscipit et soluta soluta.','2020-10-09 02:39:42'),(47,'Modi odit est sit eum officiis fuga.','2020-10-13 04:07:27'),(48,'Ea voluptas et minima perferendis.','2020-09-24 03:04:47'),(49,'Facere et sapiente eveniet molestias officiis possimus architecto.','2020-09-19 13:40:38'),(50,'Quos architecto voluptas vero repellat.','2020-01-19 18:30:08'),(51,'Ratione porro molestiae qui deserunt nisi pariatur temporibus veniam.','2020-10-26 01:56:09'),(52,'Quibusdam sit ratione ex.','2020-06-29 22:07:01'),(53,'Voluptatem fugiat repellat perspiciatis ut adipisci amet.','2020-09-22 01:59:31'),(54,'Aspernatur quidem dolor voluptas.','2020-04-17 00:06:05'),(55,'Cupiditate magni sequi nam et voluptatem.','2020-08-25 05:25:10'),(56,'Iusto illo voluptatem enim dignissimos architecto eos.','2020-07-06 06:57:42'),(57,'Aut quas illo et nemo consequatur.','2020-07-23 00:29:40'),(58,'Fuga quia ea eum incidunt.','2021-01-08 10:23:33'),(59,'Autem laudantium laboriosam sapiente dolorem aut alias dolore qui.','2020-01-25 03:56:43'),(60,'Voluptatibus explicabo exercitationem sunt debitis distinctio accusantium quod.','2020-11-07 22:47:56'),(61,'In aliquid doloremque cupiditate architecto aut.','2020-03-30 21:14:26'),(62,'Voluptatem architecto inventore quidem sit doloremque.','2020-02-13 11:24:43'),(63,'Aut impedit quasi corrupti animi repellat.','2020-11-05 10:46:01'),(64,'Distinctio doloribus voluptas vel dolorum enim.','2020-08-27 09:41:11'),(65,'Veritatis nihil distinctio dignissimos qui qui amet aut.','2020-10-06 02:58:25'),(66,'Error dolorum quaerat excepturi nihil asperiores ad nulla.','2020-02-13 02:28:17'),(67,'Consequatur mollitia accusantium doloribus distinctio doloribus at suscipit maxime.','2020-09-26 15:27:08'),(68,'Illum est quos atque quia maxime sunt.','2020-05-28 02:35:56'),(69,'Tempore vel possimus hic dolores.','2020-06-16 03:23:35'),(70,'Optio cupiditate facilis esse dolorem consectetur explicabo maxime earum.','2020-07-31 20:40:44'),(71,'Laborum fuga aliquid expedita quis.','2020-06-09 06:07:15'),(72,'Unde voluptatem doloremque dignissimos nihil quisquam aut.','2020-10-21 03:15:41'),(73,'Voluptate sint quia architecto illo.','2020-06-02 19:30:48'),(74,'Id molestias sequi et.','2020-03-06 16:22:05'),(75,'Eius eius unde cum quis ut dolores officia.','2020-05-10 02:24:56'),(76,'Rem blanditiis et iusto voluptatem quo.','2020-03-12 22:30:54'),(77,'Voluptatibus ad in laborum id voluptatem.','2021-01-05 07:41:53'),(78,'Quaerat eum molestiae odio accusantium eligendi excepturi voluptates.','2020-04-01 19:35:56'),(79,'Expedita qui itaque est repellendus rem incidunt minima.','2020-08-11 02:54:14'),(80,'Repudiandae laudantium velit voluptates sed dolor.','2020-09-13 16:05:44'),(81,'Et laborum cum sint illo aut.','2020-10-18 09:21:42'),(82,'Et et quis consequatur autem beatae nesciunt.','2020-01-14 19:54:44'),(83,'Reiciendis sed praesentium odio exercitationem harum quisquam.','2020-10-22 21:29:09'),(84,'Itaque sunt quo excepturi.','2020-08-26 20:30:58'),(85,'Soluta vero nostrum deserunt aut accusamus.','2020-10-21 05:57:24'),(86,'Beatae aperiam nulla error cum distinctio quia eos.','2020-07-18 08:40:47'),(87,'Nobis aut ut enim rerum nihil aut et.','2020-05-29 23:12:58'),(88,'Libero tenetur non officia consequatur consequuntur.','2020-03-25 03:21:49'),(89,'Quia est et voluptas necessitatibus saepe.','2020-07-24 02:17:16'),(90,'Quas harum velit consectetur magnam necessitatibus.','2020-09-19 23:01:00'),(91,'Est sed ex consequatur ad qui asperiores.','2020-05-21 10:30:24'),(92,'Iure sint commodi delectus aperiam laboriosam fugiat dolorem.','2020-10-07 02:09:15'),(93,'Magnam qui ab qui dolor illum provident saepe enim.','2020-09-05 18:56:05'),(94,'Nihil quia omnis facilis quidem nobis sequi.','2020-08-18 03:26:22'),(95,'Illo ut ut sunt nam quos ipsam.','2020-07-07 17:56:11'),(96,'Impedit alias ullam mollitia sit hic.','2020-12-17 15:39:15'),(97,'Sit magnam voluptatem dolor dolores.','2020-08-11 19:58:22'),(98,'Impedit vel vitae aut et deserunt ratione.','2021-01-06 21:09:11'),(99,'Quae fugiat iure veniam quasi qui consequatur.','2020-02-03 15:43:53'),(100,'Ea atque voluptate est ut.','2020-12-23 15:45:42');
/*!40000 ALTER TABLE `meetings` ENABLE KEYS */;
UNLOCK TABLES;

--
-- Table structure for table `meetings_users`
--

DROP TABLE IF EXISTS `meetings_users`;
/*!40101 SET @saved_cs_client     = @@character_set_client */;
/*!50503 SET character_set_client = utf8mb4 */;
CREATE TABLE `meetings_users` (
  `meeting_id` int unsigned NOT NULL,
  `user_id` int unsigned NOT NULL,
  `created_at` datetime DEFAULT CURRENT_TIMESTAMP,
  PRIMARY KEY (`user_id`,`meeting_id`),
  KEY `meetings_users_meeting_id_fk` (`meeting_id`),
  CONSTRAINT `meetings_users_meeting_id_fk` FOREIGN KEY (`meeting_id`) REFERENCES `meetings` (`id`) ON DELETE CASCADE,
  CONSTRAINT `meetings_users_user_id_fk` FOREIGN KEY (`user_id`) REFERENCES `users` (`id`)
) ENGINE=InnoDB DEFAULT CHARSET=utf8mb4 COLLATE=utf8mb4_0900_ai_ci;
/*!40101 SET character_set_client = @saved_cs_client */;

--
-- Dumping data for table `meetings_users`
--

LOCK TABLES `meetings_users` WRITE;
/*!40000 ALTER TABLE `meetings_users` DISABLE KEYS */;
INSERT INTO `meetings_users` VALUES (13,1,'2020-01-18 21:48:05'),(86,2,'2020-01-18 21:48:05'),(97,2,'2020-01-18 21:48:05'),(17,4,'2020-01-18 21:48:05'),(65,4,'2020-01-18 21:48:05'),(74,4,'2020-01-18 21:48:05'),(89,5,'2020-01-18 21:48:05'),(24,6,'2020-01-18 21:48:05'),(38,7,'2020-01-18 21:48:05'),(94,7,'2020-01-18 21:48:05'),(9,9,'2020-01-18 21:48:05'),(54,10,'2020-01-18 21:48:05'),(39,11,'2020-01-18 21:48:05'),(1,13,'2020-01-18 21:48:05'),(68,20,'2020-01-18 21:48:05'),(14,21,'2020-01-18 21:48:05'),(59,22,'2020-01-18 21:48:05'),(88,22,'2020-01-18 21:48:05'),(11,23,'2020-01-18 21:48:05'),(97,23,'2020-01-18 21:48:05'),(21,25,'2020-01-18 21:48:05'),(52,26,'2020-01-18 21:48:05'),(65,27,'2020-01-18 21:48:05'),(72,27,'2020-01-18 21:48:05'),(79,27,'2020-01-18 21:48:05'),(34,29,'2020-01-18 21:48:05'),(44,30,'2020-01-18 21:48:05'),(67,30,'2020-01-18 21:48:05'),(69,33,'2020-01-18 21:48:05'),(16,36,'2020-01-18 21:48:05'),(43,36,'2020-01-18 21:48:05'),(29,37,'2020-01-18 21:48:05'),(52,38,'2020-01-18 21:48:05'),(3,39,'2020-01-18 21:48:05'),(1,40,'2020-01-18 21:48:05'),(11,40,'2020-01-18 21:48:05'),(70,44,'2020-01-18 21:48:05'),(39,45,'2020-01-18 21:48:05'),(40,45,'2020-01-18 21:48:05'),(47,46,'2020-01-18 21:48:05'),(51,47,'2020-01-18 21:48:05'),(51,48,'2020-01-18 21:48:05'),(86,48,'2020-01-18 21:48:05'),(100,50,'2020-01-18 21:48:05'),(15,51,'2020-01-18 21:48:05'),(64,51,'2020-01-18 21:48:05'),(69,55,'2020-01-18 21:48:05'),(87,55,'2020-01-18 21:48:05'),(25,56,'2020-01-18 21:48:05'),(62,56,'2020-01-18 21:48:05'),(51,57,'2020-01-18 21:48:05'),(80,58,'2020-01-18 21:48:05'),(96,58,'2020-01-18 21:48:05'),(62,59,'2020-01-18 21:48:05'),(69,59,'2020-01-18 21:48:05'),(21,60,'2020-01-18 21:48:05'),(30,61,'2020-01-18 21:48:05'),(35,61,'2020-01-18 21:48:05'),(39,61,'2020-01-18 21:48:05'),(46,61,'2020-01-18 21:48:05'),(65,62,'2020-01-18 21:48:05'),(81,63,'2020-01-18 21:48:05'),(8,64,'2020-01-18 21:48:05'),(89,66,'2020-01-18 21:48:05'),(56,68,'2020-01-18 21:48:05'),(62,69,'2020-01-18 21:48:05'),(50,70,'2020-01-18 21:48:05'),(96,70,'2020-01-18 21:48:05'),(65,71,'2020-01-18 21:48:05'),(49,72,'2020-01-18 21:48:05'),(81,73,'2020-01-18 21:48:05'),(99,73,'2020-01-18 21:48:05'),(57,74,'2020-01-18 21:48:05'),(6,78,'2020-01-18 21:48:05'),(13,78,'2020-01-18 21:48:05'),(69,78,'2020-01-18 21:48:05'),(17,80,'2020-01-18 21:48:05'),(56,80,'2020-01-18 21:48:05'),(95,81,'2020-01-18 21:48:05'),(30,82,'2020-01-18 21:48:05'),(99,82,'2020-01-18 21:48:05'),(92,83,'2020-01-18 21:48:05'),(99,83,'2020-01-18 21:48:05'),(30,84,'2020-01-18 21:48:05'),(72,84,'2020-01-18 21:48:05'),(85,84,'2020-01-18 21:48:05'),(21,85,'2020-01-18 21:48:05'),(61,85,'2020-01-18 21:48:05'),(59,86,'2020-01-18 21:48:05'),(14,87,'2020-01-18 21:48:05'),(60,89,'2020-01-18 21:48:05'),(23,92,'2020-01-18 21:48:05'),(29,92,'2020-01-18 21:48:05'),(74,93,'2020-01-18 21:48:05'),(92,93,'2020-01-18 21:48:05'),(6,94,'2020-01-18 21:48:05'),(49,94,'2020-01-18 21:48:05'),(17,96,'2020-01-18 21:48:05'),(96,98,'2020-01-18 21:48:05'),(48,99,'2020-01-18 21:48:05');
/*!40000 ALTER TABLE `meetings_users` ENABLE KEYS */;
UNLOCK TABLES;

--
-- Table structure for table `messages`
--

DROP TABLE IF EXISTS `messages`;
/*!40101 SET @saved_cs_client     = @@character_set_client */;
/*!50503 SET character_set_client = utf8mb4 */;
CREATE TABLE `messages` (
  `id` int unsigned NOT NULL AUTO_INCREMENT,
  `from_user_id` int unsigned NOT NULL,
  `to_user_id` int unsigned NOT NULL,
  `body` text CHARACTER SET utf8 COLLATE utf8_unicode_ci NOT NULL,
  `is_important` tinyint(1) DEFAULT NULL,
  `is_delivered` tinyint(1) DEFAULT NULL,
  `created_at` datetime DEFAULT CURRENT_TIMESTAMP,
  PRIMARY KEY (`id`),
  KEY `messages_from_user_id_fk` (`from_user_id`),
  KEY `messages_to_user_id_fk` (`to_user_id`),
  CONSTRAINT `messages_from_user_id_fk` FOREIGN KEY (`from_user_id`) REFERENCES `users` (`id`),
  CONSTRAINT `messages_to_user_id_fk` FOREIGN KEY (`to_user_id`) REFERENCES `users` (`id`)
) ENGINE=InnoDB AUTO_INCREMENT=201 DEFAULT CHARSET=utf8 COLLATE=utf8_unicode_ci;
/*!40101 SET character_set_client = @saved_cs_client */;

--
-- Dumping data for table `messages`
--

LOCK TABLES `messages` WRITE;
/*!40000 ALTER TABLE `messages` DISABLE KEYS */;
INSERT INTO `messages` VALUES (1,89,94,'Voluptates a nisi ipsa consectetur aut rerum. Cupiditate eum quasi eius sit. Enim tempora dolores molestiae amet voluptatem aut omnis aut. Odit asperiores est voluptatem ipsum.',0,0,'1980-08-15 15:12:16'),(2,2,26,'Autem enim et officiis repellat aut ut. Libero voluptatem tempora ut iusto voluptatem. Nihil explicabo minus consectetur sequi vel sed. Amet velit quo sequi odio omnis sed.',1,1,'1970-08-19 23:16:22'),(3,25,47,'Sapiente dolor corporis nesciunt soluta doloribus ducimus est inventore. Repudiandae nostrum et aut voluptatem quia. Ut cum culpa vitae sed.',1,1,'1993-11-25 23:57:28'),(4,59,53,'Occaecati illo quo similique. Ipsum aut nulla quod quidem provident distinctio. Eius sequi et ea beatae. Eaque sint doloribus tempore quia aliquid. Laborum sunt et sed mollitia expedita veritatis.',0,0,'1996-03-07 14:42:48'),(5,87,76,'Et et odio dignissimos et magni. Dicta ab temporibus corrupti explicabo ut aperiam rem.',0,0,'1981-09-10 14:36:47'),(6,20,69,'Culpa eum laudantium sit et. Quisquam deleniti vitae dolor ullam illo. Modi eius autem fuga ipsam adipisci minima.',1,1,'2012-05-06 23:46:33'),(7,85,16,'Velit suscipit delectus beatae vitae eius earum molestiae. Quae ut expedita omnis porro voluptatem. Est sed necessitatibus iusto in ullam quos soluta ullam.',0,1,'1979-11-03 03:26:04'),(8,25,79,'Commodi aperiam porro explicabo quia est voluptate labore aut. Iusto magnam velit et dolore molestiae. Fugit porro earum autem perspiciatis provident molestiae. Molestias nemo sed sit quae.',0,0,'1994-09-22 14:56:08'),(9,19,55,'Natus culpa quisquam ipsam et. Qui consequatur officia quos ut. Aperiam expedita omnis error esse ratione ipsam aspernatur. Eius magni quam occaecati magni.',1,0,'1995-10-29 20:44:23'),(10,20,32,'Nemo est expedita labore qui tempore. Et qui magnam nobis minima ut et. Eius harum earum quasi perferendis consequuntur et quis hic. Earum aut nam recusandae fugiat nam dolor incidunt.',1,0,'1991-12-10 11:10:49'),(11,100,2,'Qui distinctio voluptatem magnam dolores autem. Totam iusto vero est quia incidunt accusamus ullam. Cum perferendis repellat maiores illo soluta repellat aut.',1,1,'2001-01-24 11:12:01'),(12,11,47,'Quisquam ab reiciendis qui sunt necessitatibus. Qui distinctio veniam et ut. Et pariatur molestias reiciendis asperiores qui et. Deleniti et ullam aut esse.',1,1,'2004-04-03 18:21:09'),(13,3,73,'Qui sint doloremque possimus ipsam est. Iusto ut est libero sed molestias sunt laboriosam. Excepturi amet officiis iure aut qui incidunt ipsum. Quae provident ea autem quia.',0,1,'1997-02-15 17:01:49'),(14,56,62,'Ducimus et voluptas in voluptas atque quo doloremque. Illo est a maxime in alias eos quasi corporis. Expedita eaque aut voluptatem sit nisi voluptas qui non. Itaque adipisci aut at ea aut consequatur quam.',0,1,'1994-08-01 01:38:18'),(15,39,9,'Possimus nihil consectetur quisquam laborum beatae est harum. Assumenda quae dolore eveniet. Laudantium totam ratione quaerat dicta non animi reprehenderit. Suscipit temporibus sit enim est.',1,0,'2016-09-07 15:21:36'),(16,29,17,'Maxime possimus beatae commodi animi doloribus earum. Assumenda dolore ut repellat eveniet. Id aut impedit suscipit fugiat distinctio aut.',0,1,'1983-03-18 14:07:46'),(17,99,42,'A officiis velit enim. Aut voluptas aliquid placeat. Quia quas et autem aliquam ut repellendus. Ea ut corrupti praesentium aut.',1,1,'1992-01-22 00:14:10'),(18,14,43,'Porro facere beatae corporis. Non veritatis soluta quis repellat est et. Sequi eos excepturi nulla et.',1,0,'2011-02-17 15:23:12'),(19,74,37,'Eligendi quia tenetur ex aliquid. Qui quaerat eum repellendus voluptas quia odio unde repellat.',1,1,'2004-06-27 18:48:18'),(20,66,16,'Esse officia soluta voluptas qui illo voluptate perferendis porro. Voluptates dolores quia et quasi. Qui perspiciatis aut laboriosam dolorem ut accusamus sit maxime. Quis perferendis nemo repellendus inventore numquam explicabo id. Amet voluptatem deserunt nam est sapiente porro commodi fuga.',1,0,'1985-02-01 13:31:16'),(21,84,70,'Debitis neque sint culpa repellendus dolorem laborum. Fugiat dolores in ab quidem consequuntur. Veniam ex harum vel voluptates nihil eveniet.',1,0,'1989-12-01 05:48:30'),(22,97,74,'Non eveniet debitis dolores suscipit sit. Non nobis consectetur labore rerum in. Aut ut omnis sit exercitationem eligendi.',1,0,'2017-03-17 11:22:50'),(23,78,69,'Tempora dicta totam sunt consequatur omnis est provident et. Sequi esse id dignissimos sunt. Nemo vitae eaque incidunt molestiae quas soluta. Accusantium sunt voluptatem rerum tenetur dolorem.',0,1,'1972-10-02 20:51:34'),(24,8,34,'Error ut occaecati et. Aut voluptatum et totam totam eos ut. Alias corporis perspiciatis earum laborum dolores est eius.',0,0,'1992-05-31 09:37:54'),(25,44,19,'Et maiores rem itaque dicta ex. Quis in molestias eos. Enim adipisci enim voluptas ab qui.',0,1,'1971-02-14 13:26:50'),(26,64,62,'Non veniam aut officia sit. Labore dolorum quaerat eos quia asperiores. Quisquam et aut aut dolores recusandae in. At aut qui et voluptatum et officia.',1,1,'2001-08-21 04:31:06'),(27,15,91,'Voluptatem sed aspernatur rerum reprehenderit quod nemo. Nobis ipsa debitis omnis provident. Voluptatem est repudiandae vero quibusdam. A sit eveniet quas quibusdam.',0,0,'1987-07-09 13:36:35'),(28,10,74,'Provident maxime perspiciatis ducimus nemo sapiente. Qui pariatur et dicta quas ab eveniet. Modi est deserunt praesentium numquam. Laudantium aut tenetur aut autem iusto.',0,1,'1998-11-15 09:45:03'),(29,39,76,'Consequuntur et iure quis ipsum atque unde quia. Laboriosam eaque a vero quas quia porro temporibus. Reiciendis quos velit est incidunt fugit. Recusandae sunt architecto qui omnis.',0,0,'2000-10-03 08:58:24'),(30,60,71,'Fugit excepturi quos sit dolor ipsa occaecati provident. Cupiditate rem eum eligendi soluta ad sed aliquid ut.',1,1,'1972-06-26 12:34:38'),(31,76,65,'Sunt molestiae sed ea cupiditate dolor. Minima ullam non totam ut fugit saepe perferendis. Veniam harum unde laborum voluptate dolor. Non rerum fugiat esse suscipit.',0,1,'1997-05-07 19:42:32'),(32,96,85,'Voluptas hic in perferendis et. Doloremque et sit tenetur dignissimos repellendus.',1,1,'1990-03-10 15:35:05'),(33,38,32,'Minus sit blanditiis repellat aut adipisci. Rem expedita ab dolorum et sapiente. Aut sed a dolor tenetur distinctio quos. Explicabo qui eum eum necessitatibus et esse.',0,0,'2005-09-04 02:56:54'),(34,46,34,'Accusantium vitae vel sint at minus. Culpa ab facilis officia ad illum velit ducimus fugit. Saepe fugiat quis reiciendis ipsum unde est.',0,0,'1991-03-24 05:20:40'),(35,31,52,'Mollitia illum placeat eum omnis. Deserunt repellendus et veniam maxime.',0,1,'1993-05-03 06:01:43'),(36,67,77,'Et voluptatem iure non laboriosam repudiandae. Sunt incidunt quasi officiis sunt excepturi est nihil. Ut velit autem dicta iusto vel aut quis.',0,0,'1971-12-31 21:26:11'),(37,86,98,'Impedit accusamus corrupti dolore debitis. Ut quae libero est accusamus. Dolorum voluptas nulla at et inventore est numquam blanditiis. Asperiores quisquam vero nesciunt. Reiciendis exercitationem iste omnis accusantium nostrum.',1,1,'2011-05-21 09:24:24'),(38,29,53,'Et itaque rerum a tempora rem. Animi incidunt adipisci fugiat rerum. Magni sit ea aliquam ea consequatur vitae tempore.',0,0,'1976-03-24 18:39:16'),(39,76,20,'Consectetur aspernatur pariatur voluptatem dignissimos omnis aspernatur non. Dolores qui ut iure quibusdam quia qui quam. Voluptatem tempora quibusdam itaque. Harum officia sed tenetur in dolorem veritatis. Minus voluptates totam eaque.',0,0,'1989-03-23 12:12:20'),(40,72,100,'Facere accusantium aspernatur voluptatem ut. Aut consequatur quo reprehenderit rerum blanditiis cupiditate aut. Sit sapiente ut quis illo.',0,1,'2014-02-14 02:35:58'),(41,83,15,'Nobis quo earum velit voluptatum eos dolor. Et nesciunt voluptatem consequatur placeat voluptatum et ut. Officiis ut debitis veritatis sunt nulla ipsum. Ut veniam consequatur iusto officiis cumque.',0,1,'2009-12-18 17:07:48'),(42,27,89,'Magni excepturi sunt eum. Quis nemo ut aperiam aut cumque. Ut sed saepe assumenda modi autem pariatur.',1,1,'2002-08-31 07:53:05'),(43,63,48,'Ad magni voluptatibus quae distinctio voluptatem. Et distinctio quis vitae autem.',1,0,'2000-05-26 05:31:18'),(44,50,4,'Corrupti odit dolores quae fugiat at quibusdam odit dolores. In itaque quae aut illo totam suscipit. Nesciunt consectetur incidunt id veritatis optio. Voluptas amet facere rerum dolores.',0,0,'1989-07-21 13:25:27'),(45,71,42,'Voluptas laboriosam omnis sed maxime. Dignissimos voluptatem alias ut voluptatem. Optio et ducimus eum odio ut qui exercitationem.',1,1,'2008-04-30 11:48:44'),(46,99,21,'A et voluptatem voluptatem laboriosam facilis. Cumque corrupti ullam fugit. Ullam iusto autem odio facilis et voluptate quasi quia.',1,1,'2004-09-11 22:36:03'),(47,28,46,'Voluptates repellendus quidem officiis et quas sit. Ipsa veniam quia molestiae quo est vel nam. Et quis sint id eum non.',1,1,'1971-01-26 01:30:27'),(48,46,89,'Voluptatem dolor et autem. Totam occaecati unde tempore voluptas non. Non expedita quibusdam nemo voluptates. Velit sit dolore magni est perspiciatis ut voluptatem molestiae. Dolorum et nesciunt officiis labore ducimus necessitatibus voluptatibus.',0,0,'1994-08-21 18:26:42'),(49,7,68,'Suscipit nostrum maxime deserunt cum modi sint. Omnis recusandae quaerat nostrum amet. Nemo et inventore illum commodi temporibus non sapiente voluptas. Placeat et voluptate illum quas mollitia dicta hic. Amet vero atque autem veniam.',0,0,'1972-10-11 19:14:34'),(50,18,87,'Animi facere officia voluptatem nihil. Debitis quasi quam sint maiores ullam impedit. Vero omnis eos enim culpa. Debitis quia molestias voluptate.',1,0,'2017-01-22 18:18:43'),(51,81,42,'Exercitationem qui error dolor quis hic commodi eum esse. Non sed eveniet accusamus magni facilis sint.',0,0,'1981-07-07 07:33:10'),(52,67,9,'A labore vel accusantium exercitationem. Molestias occaecati et est alias quia sapiente unde. Et reiciendis velit ut ut porro quasi.',0,0,'1980-09-18 13:02:07'),(53,45,94,'Cupiditate consequatur dolores rerum exercitationem et. Ut ea blanditiis recusandae dolore non consequuntur vitae. Harum culpa fugiat rerum corrupti tempora consectetur est. Ipsum recusandae pariatur voluptatem fugiat et.',0,1,'1989-06-18 20:51:44'),(54,38,7,'Animi eveniet et aspernatur magnam nesciunt. Quos quod et et recusandae. Illo sunt ea aperiam omnis dolores voluptatem inventore.',1,0,'2006-01-31 06:33:20'),(55,19,73,'Ut laboriosam quo nemo quasi. Beatae ratione porro quia eligendi architecto. Ratione asperiores animi ipsum aut numquam totam molestiae vel. Exercitationem voluptatem inventore incidunt fugiat qui commodi. Odit qui sit id dolorem dolores ut est.',1,1,'1993-12-27 23:37:00'),(56,8,20,'Aut dolores molestias omnis cupiditate aperiam consequatur maxime. Quia voluptatibus et possimus amet. Molestiae temporibus labore qui ullam. Veritatis iure consequatur et dolorum.',0,0,'2002-02-01 14:13:47'),(57,76,18,'Sed est deserunt dolorem vero ea commodi saepe voluptatem. Minima aspernatur ea ratione quam. Optio optio omnis ut eaque ullam sunt qui.',0,1,'1984-09-05 00:35:37'),(58,64,66,'Dolorem esse cupiditate eligendi ut qui optio est. Distinctio unde non doloremque eos delectus. Modi harum numquam quia blanditiis cupiditate error. Cumque eum qui enim deleniti voluptatum quia.',1,0,'1985-01-19 12:34:01'),(59,36,83,'Modi reiciendis quasi voluptatem in. Est officia fuga molestias eos ducimus sit ab.',0,1,'2014-12-15 07:15:02'),(60,7,83,'Illo esse voluptates vero. Ratione veritatis delectus in sed. Sunt quod et voluptas. Quisquam distinctio non et porro.',0,0,'1974-05-09 01:09:38'),(61,94,20,'Enim fuga optio similique ex quia aut. Quod aliquid tempore id aperiam. Cupiditate voluptatem quam quos. Dignissimos libero possimus maxime eaque quo vel.',1,1,'2003-12-18 21:40:59'),(62,17,27,'Et dignissimos ullam illo eos rerum reprehenderit aut. Quod dolorem maiores impedit vel quis consequuntur vitae. Voluptas odit est dolores.',1,1,'1971-06-15 18:41:39'),(63,81,25,'Aliquam ut illo numquam et. Voluptates qui sit labore quod. Aut voluptatem quo esse illum. Quo pariatur ad officia est dignissimos temporibus.',0,0,'1993-08-11 20:18:44'),(64,81,30,'Et at aspernatur totam autem dicta. Debitis dolorem voluptatibus ipsa. Sed omnis voluptatem et. Non voluptatibus aliquid eos et optio quibusdam quisquam et.',1,0,'1983-04-20 06:05:14'),(65,6,40,'Natus sed non sed fugit et dolor. Accusantium nihil et sed voluptatem et.',0,0,'2008-01-26 22:27:13'),(66,83,94,'Quia dolorum sint enim rerum. Sit voluptas earum est temporibus aut et. Rem illo assumenda quasi minus reiciendis libero corporis.',1,1,'1980-07-11 18:41:13'),(67,19,14,'Recusandae deleniti quam voluptates aut accusantium ea sapiente. Aut ut non qui quod nobis aut. Quam sint vel aut sunt aut temporibus voluptatem. Cum earum aut officiis tenetur quasi.',1,1,'1997-08-17 21:17:00'),(68,12,19,'Repudiandae natus tenetur eos nulla. Autem repudiandae et et non. At ut nesciunt mollitia repellat eos est. Quo accusamus quasi autem distinctio quia.',1,0,'2005-03-27 02:20:40'),(69,58,32,'A eos aut neque et rerum magnam. Eius dolorem id odio est molestias atque consequatur. Distinctio sint id facilis nisi accusantium voluptatem. Iure autem possimus deleniti tempore voluptatum totam quis.',1,1,'2006-03-27 03:59:47'),(70,84,25,'Saepe veritatis ipsam dolor nostrum esse enim asperiores itaque. Nostrum non deserunt earum vel consequatur.',1,1,'2000-05-05 16:44:41'),(71,73,90,'Dolore quia et qui laborum mollitia. Quo corrupti culpa earum. Quis dolorem quia numquam sunt exercitationem maxime et. Illum quae ut nihil doloremque ut corrupti delectus.',0,0,'1998-12-15 21:55:38'),(72,29,77,'Cum ut dolores temporibus exercitationem adipisci sint quisquam. Voluptas nihil officia vel enim aut dolorem incidunt. Hic dolores facere aut dolorem. Nihil consequatur minima ut libero adipisci dolorum occaecati perferendis.',0,0,'1970-06-03 22:53:10'),(73,96,48,'Numquam consequuntur qui est sequi suscipit. Quia blanditiis odit consequatur quis dolorem sed. Enim nulla repellat a quibusdam similique.',0,1,'1971-07-04 23:52:01'),(74,51,9,'Recusandae accusamus aliquid atque porro quis vero. Nobis alias molestiae quia molestiae temporibus delectus. Dolores nostrum dolorem assumenda amet id quaerat. Reiciendis fugit quasi aut voluptatem molestias provident ea.',1,1,'2015-08-14 11:14:46'),(75,94,42,'Ea accusantium aut eos quibusdam. Odit reiciendis qui aperiam ut quod.',0,0,'1981-08-01 22:21:36'),(76,26,4,'Tempore quisquam natus recusandae dolorem. In eos sequi voluptatem quis. Enim qui et illo ut qui. Enim officia soluta ab exercitationem.',0,1,'1988-10-02 19:19:57'),(77,41,93,'Molestias est alias rerum id incidunt. Autem non ut occaecati totam. Et qui molestiae molestiae non et est nobis.',0,1,'1983-07-22 08:25:38'),(78,42,32,'Sit deleniti in veniam praesentium. Harum dolores corporis officiis quia aut sequi. Quisquam sequi quia ea tenetur porro sit quod.',1,0,'1992-08-05 02:18:59'),(79,31,61,'Sint et aut impedit distinctio. Ipsum qui dolorem qui officia repellat ut. Consequuntur sit quod inventore omnis eligendi. Consequatur sint eos rerum autem nam quod.',0,1,'1992-03-20 21:17:19'),(80,9,61,'Atque nulla magni modi consectetur. In veniam debitis fuga rerum a debitis ipsa. Molestiae placeat dolores maxime blanditiis voluptas totam. Vel et voluptates consequuntur impedit quidem.',0,1,'2015-11-19 18:03:18'),(81,79,13,'Sequi est sed aut rem architecto rerum suscipit. Necessitatibus possimus quia iusto minus.',1,0,'1971-04-27 12:25:59'),(82,26,90,'Nostrum commodi distinctio reiciendis qui quas et. Beatae rem et et esse nemo id natus. Natus rerum nemo ipsa deleniti debitis est iure. Doloribus porro molestiae deleniti perferendis officiis.',1,0,'1980-11-22 06:41:17'),(83,74,98,'Minus cum cupiditate reprehenderit iure et ex quod. Eum consequatur facilis sunt.',1,0,'1974-11-06 03:21:52'),(84,69,48,'Vel accusamus et qui. Pariatur quia fugiat corporis optio ut sit vero. Molestiae eum corporis quam.',0,1,'1977-01-12 12:58:31'),(85,33,21,'Eligendi temporibus et aliquam repellat laudantium ea ab porro. Aperiam optio sit exercitationem et ea. Iure dolorum in deserunt sed quibusdam doloribus nesciunt odio. Consequatur accusantium velit aliquam ratione nobis.',0,0,'1993-11-06 00:23:50'),(86,5,62,'Culpa voluptatum ex veritatis sint et porro error. Harum optio nihil nisi nemo neque rerum aut. Id quis nulla repudiandae.',1,1,'1992-12-11 23:20:58'),(87,93,78,'Placeat magnam quisquam voluptatem quod et dolores. Molestias maxime reprehenderit odio. Magni distinctio architecto quo voluptatibus iusto cupiditate. Dicta perspiciatis eos voluptatum est quia.',0,0,'2006-09-25 05:25:45'),(88,12,26,'Blanditiis in praesentium quis dolore dicta. Consequatur quidem facere quia aut. Nostrum nihil odit dolor in enim consequatur animi. Eos repellat minima qui.',0,1,'2018-05-08 01:40:32'),(89,91,77,'Eius qui et pariatur voluptatem. Ducimus at soluta cumque earum occaecati. Et ut quidem dignissimos.',0,1,'1980-10-28 14:59:31'),(90,14,37,'Iusto id deleniti quis est dolor deserunt. Odit similique et atque consequatur vero. Perspiciatis delectus dolorem ea nulla voluptatem nemo. Quidem sapiente rem et debitis nihil sed.',0,1,'2018-01-24 16:57:30'),(91,43,2,'Iusto earum maxime tempora nobis dolorem qui. Tempora cupiditate nostrum placeat sit et harum. Assumenda est ea repellat ipsam.',1,1,'1986-04-18 18:12:25'),(92,81,99,'Aliquam modi debitis dignissimos autem et culpa non incidunt. Architecto esse id neque possimus et. Harum perferendis id aut velit quae similique sint deserunt.',0,1,'1999-10-24 23:17:17'),(93,51,59,'Dolorum voluptatibus ducimus velit quis laborum aut labore. Amet maxime nobis a possimus voluptas. Voluptatem hic deserunt suscipit vel omnis excepturi. Reiciendis voluptas qui suscipit et sit.',1,0,'1995-07-28 12:53:34'),(94,41,27,'Error omnis exercitationem non. Aut voluptate aut non ut veniam voluptatibus ut. Officiis delectus aut quia voluptas temporibus voluptatum.',1,0,'2010-06-08 09:40:56'),(95,13,82,'Soluta aut fugiat sed aut dignissimos eveniet rerum. Id officia quam sint iste ea id laudantium. Autem illo est enim doloribus et. Ratione autem dignissimos expedita sed nihil.',0,1,'1978-09-15 18:08:59'),(96,70,4,'Laboriosam dolores vero id vitae. Sunt quas quia quia fugiat. Corporis voluptatum rerum blanditiis ut facere aspernatur.',0,0,'2005-08-05 13:34:00'),(97,11,41,'Qui ipsam facilis pariatur voluptates assumenda. Voluptatibus eaque rerum assumenda voluptates. Ipsa illum est voluptatem voluptatibus doloremque.',0,1,'1985-05-27 06:23:55'),(98,73,41,'In aut saepe tempora et. Rerum suscipit veritatis quo numquam. Aspernatur quidem unde aut quia et aliquid vel.',1,1,'2016-01-31 19:28:54'),(99,84,99,'Tempore est iure eum eligendi. Deserunt ad ab quas repellat temporibus. Voluptas sed sed velit blanditiis ut ut modi.',1,1,'1971-05-20 20:39:05'),(100,41,6,'Nulla odit quos quia quia nihil. Id natus modi accusamus. Placeat perspiciatis similique voluptatem dolores sequi ad error. Sequi amet velit dolorem excepturi est.',1,0,'1975-05-16 06:24:34'),(101,8,22,'Ea occaecati doloremque in quidem temporibus. Omnis et vel dolores dolore. Velit architecto earum vel.',1,0,'2015-03-17 23:39:50'),(102,85,57,'Omnis sunt nihil fugiat consequatur aut. Atque qui harum nihil dolorem eaque quia exercitationem libero. Quae velit repellendus placeat voluptatem.',0,1,'1976-03-19 18:26:00'),(103,33,21,'Dolorem eveniet dolorum dignissimos et sed a. Sit deserunt a incidunt facilis et quas. Nostrum at impedit ea eaque.',0,1,'1991-04-30 06:43:03'),(104,46,65,'Aut cumque repudiandae consequuntur velit et. Facere mollitia alias vel qui sint aut. Qui voluptatum fuga exercitationem neque porro. Est facere voluptatem laudantium in a eligendi.',1,0,'1989-07-07 05:53:42'),(105,87,38,'Eum minus quod quidem perspiciatis laborum. Impedit cupiditate perferendis odit eum id rerum. Officiis ipsam sunt nemo quia dolor nulla sed. Quo cumque quod est nemo repudiandae et animi odit. Dolorem consequatur consequatur nulla est.',1,1,'2013-11-20 04:44:44'),(106,29,30,'Minima illo et sunt ea eos. Unde doloribus voluptate sed omnis vel. Eveniet enim explicabo non rerum veniam ad atque.',1,0,'1973-03-20 01:58:39'),(107,64,28,'Eum adipisci odit ut officiis ut mollitia non. Quasi ratione et assumenda et. Velit blanditiis optio incidunt reprehenderit omnis sed. Aut nisi aliquam voluptatem tenetur consequuntur veniam vel.',0,0,'1993-12-19 02:17:24'),(108,46,47,'Consequatur aliquid id fugiat. Quis pariatur quis laborum pariatur magnam. Et aliquid sit minima vitae.',1,1,'1975-08-04 20:22:40'),(109,96,40,'Eum ut quod eum consequatur optio eum sed. Quasi est enim est quasi id. Occaecati rerum adipisci vitae quos ducimus nisi aut.',1,0,'1972-05-20 02:35:52'),(110,12,41,'Quo et et ut aliquam quaerat reprehenderit. Rem laboriosam eos aliquam nostrum voluptates fugit dignissimos. Praesentium voluptatem natus officiis est illo quibusdam.',1,1,'1986-11-12 20:38:58'),(111,65,3,'Ullam deserunt nisi est. Sed ut nostrum rerum autem tenetur nostrum. Et quod molestiae id sit vero nulla autem est. Quod reiciendis ut officia id aliquid ad sunt soluta.',0,1,'1970-07-21 02:41:28'),(112,17,79,'Libero sit ea natus eligendi minus est error. Neque debitis deserunt dicta ipsam.',0,0,'1980-04-10 04:34:52'),(113,40,66,'Sapiente nihil odio laudantium dolores. Saepe aliquam officiis quo similique illum. Ullam recusandae quia est et. Optio illo necessitatibus rerum molestias.',1,0,'2002-02-27 21:13:03'),(114,8,40,'Omnis consequatur qui est eum enim voluptates. Quo incidunt sapiente fuga non. Est dolor laborum reprehenderit sunt sed temporibus sunt iure.',0,0,'2011-01-26 09:47:21'),(115,78,70,'Velit labore harum quia perferendis aliquid exercitationem. Iste in occaecati ad. Quam occaecati natus natus ut architecto quidem laudantium.',0,0,'1998-10-27 01:00:31'),(116,16,69,'Saepe et aut ipsum. Atque laborum ab aut. Aut vero ut ut et. Excepturi officia id earum. Aut dolor assumenda mollitia dicta dolor qui repudiandae.',1,1,'2005-11-03 11:14:53'),(117,95,67,'Quo praesentium dolor consequuntur vero molestiae voluptatem eius. Veritatis ea quia architecto reprehenderit voluptas suscipit exercitationem distinctio. Quo et libero sunt qui. Nulla hic velit exercitationem iusto quasi.',1,0,'1984-12-18 21:39:34'),(118,51,54,'Mollitia aperiam est asperiores qui magnam omnis. Est et repellat tenetur nihil. Qui error doloribus expedita eaque. Sed id hic autem blanditiis sapiente veritatis dignissimos.',1,0,'1976-10-06 11:11:29'),(119,15,13,'Occaecati nostrum cum et hic eum ipsam nulla. Id qui consequuntur nulla nisi molestiae perferendis amet et. Et aut sed eos veniam omnis eum.',1,1,'1977-07-27 16:28:37'),(120,19,54,'Doloremque voluptatem et maiores excepturi eos. Atque facere tempore ut qui dolorum voluptates. Voluptate voluptatem sunt repudiandae dignissimos ut ut rerum. Sint eum omnis eum repellat et aut.',0,0,'2008-04-26 13:47:01'),(121,13,5,'Alias quia mollitia est quisquam harum. Et autem totam ut adipisci eum sunt qui. Doloremque ea dolores deleniti. Ipsa ea odio libero.',0,0,'1974-07-13 17:04:08'),(122,82,97,'Ad ea placeat odit non facere molestias et quos. Ab recusandae sed quod sint. Officia dolores rerum error nemo natus ut ea. Neque odio reiciendis error qui dolores voluptates voluptatum.',1,1,'1982-05-25 06:17:27'),(123,38,100,'Repellat voluptates qui officia accusantium. Laudantium distinctio praesentium autem enim. Ratione fugit perferendis nobis sint non illo temporibus.',0,1,'2004-03-04 04:08:48'),(124,85,23,'Et quibusdam voluptatem atque qui ut autem ipsam. Inventore blanditiis assumenda asperiores et sed.',1,1,'2004-07-12 05:49:20'),(125,60,30,'Quo autem unde perspiciatis sequi sit. Aut pariatur similique suscipit eaque ut.',1,1,'1972-06-15 05:04:41'),(126,71,65,'Aut sunt quis consequatur quidem. Aspernatur qui natus consequuntur labore magni adipisci quas consequatur.',1,0,'1973-02-18 12:05:59'),(127,9,52,'Esse qui deserunt harum rem est. Provident saepe dolores officiis blanditiis reiciendis omnis aliquid.',0,1,'1982-01-04 14:38:55'),(128,32,2,'Sed qui ut tempora occaecati sint ut. Nihil sapiente deleniti labore in quidem dolorem est. Eos quia ut commodi velit cupiditate.',1,1,'2016-04-11 11:28:03'),(129,13,59,'Officiis tempore fugit rerum ex. Consequatur hic soluta provident. Fugit odit iure iusto itaque.',0,1,'2018-10-06 15:51:54'),(130,58,9,'Repellendus est veritatis ad et eius nostrum molestias. Et quia qui dignissimos possimus. Temporibus accusamus ullam adipisci est corrupti culpa optio. Et quis sunt et eaque.',0,1,'1979-11-26 10:48:13'),(131,71,29,'Officia provident ut veritatis. Aut magni aut nostrum. Et nemo cum autem non reiciendis non voluptate. Optio quas sit iusto recusandae in.',0,1,'1977-02-03 14:35:40'),(132,29,58,'Dolor iste est maiores. Amet voluptates assumenda rem. Consequatur ab accusamus asperiores corrupti. Quia ad voluptates facere hic numquam doloremque non. Et adipisci quia et culpa.',1,0,'2016-02-02 06:17:17'),(133,2,38,'Modi temporibus ad culpa et aut sed repudiandae. Qui sequi placeat quis ut voluptatum. Quo iure doloremque sit inventore et in. Iure autem dolor explicabo pariatur facilis dolorum eaque.',1,1,'1975-07-23 03:38:44'),(134,81,91,'Quia architecto iusto architecto blanditiis et incidunt doloribus libero. Nihil mollitia sunt sint tenetur alias officiis. Dolorem ducimus voluptate sed dolor dolorem id. Nihil occaecati officia quam voluptatibus.',0,0,'2019-10-16 17:48:08'),(135,14,93,'Id explicabo placeat officiis nostrum iste voluptates. Blanditiis corporis ea sit beatae. Vel temporibus dolore reiciendis molestias et aperiam. Eaque beatae ipsum omnis tenetur.',1,1,'1976-02-02 21:04:36'),(136,24,42,'Nemo minus dicta odio eum iusto. Id ut voluptas delectus ipsa perferendis facere. Tenetur natus dolores explicabo. Id iusto ut omnis repellendus.',1,0,'1971-11-29 19:51:40'),(137,36,54,'Eaque sed molestias ratione. Dignissimos exercitationem dolorem similique beatae occaecati ut.',0,0,'1986-12-28 19:02:30'),(138,63,52,'Nihil rem culpa non excepturi dolorum maiores et est. Iure sapiente sequi quibusdam illo. Quia id similique odio est animi ad qui earum. Amet nulla veniam excepturi eum molestiae vel culpa debitis. Quasi deleniti aut rem optio ab perspiciatis.',1,0,'1997-12-13 17:06:01'),(139,72,2,'Vero vel repellat dolorem totam commodi perferendis. Pariatur temporibus ut enim numquam. Debitis qui consequuntur dolorum minima quasi possimus.',0,0,'2004-08-01 23:44:53'),(140,93,58,'Commodi eos dolor doloremque consequatur et sint. Rerum eos rem optio. Ipsa ut cupiditate dolor.',1,0,'2018-04-13 13:33:56'),(141,10,74,'Impedit dolor laborum amet doloribus ad. Sit ea voluptas minima ad impedit nihil ducimus. Eius at blanditiis perferendis sit at reiciendis.',0,1,'1996-01-07 10:26:05'),(142,42,86,'Voluptas enim omnis quidem vero libero et natus. Sint vel velit molestias et maiores enim. Et sed cupiditate voluptatibus commodi.',0,1,'1977-07-13 20:58:30'),(143,4,63,'Eum atque omnis id corrupti earum est. Harum quis facere consequatur quaerat autem. Nisi explicabo voluptas nobis ut. Iste voluptas est debitis et non similique.',1,1,'2015-12-22 22:29:12'),(144,3,23,'Consequatur blanditiis repellendus sunt doloribus cupiditate. Officiis architecto reprehenderit minima aut sunt soluta nulla. Deserunt dignissimos perferendis odit voluptatem. Quidem maiores dolores mollitia consequuntur libero at officia.',1,0,'2007-11-12 02:52:58'),(145,6,60,'Et sit ea aut non asperiores deleniti. Officia vel beatae labore. Tenetur officia sint aperiam. Distinctio est laborum qui earum.',0,0,'2009-07-29 08:18:24'),(146,81,26,'Et ducimus aperiam sapiente sequi quia. Sapiente nihil consequatur ut distinctio. Non ipsum nihil consequatur itaque iste.',0,0,'2003-04-25 18:54:22'),(147,85,46,'Sed hic repellat cumque recusandae mollitia. Reprehenderit dolores quis adipisci totam sunt enim et veritatis. Et et reprehenderit voluptates qui et et. Impedit cumque velit dolorum voluptatem nam quia sunt. Mollitia ea quas non.',0,0,'1970-03-21 01:11:53'),(148,77,43,'Quasi similique aliquam quisquam aut. Eos quia nesciunt aliquid dolores quam. Ab et ut numquam perferendis ea aspernatur veniam.',1,1,'1983-07-18 09:50:54'),(149,87,3,'Et ipsa voluptatem ipsum blanditiis nobis. Ipsam nisi iure dignissimos odit perspiciatis eum. Et voluptas dolorum ipsum sed culpa odit labore.',1,0,'1970-06-20 13:26:30'),(150,55,65,'Exercitationem quisquam quod laborum illum porro odio. Sed sit id est culpa. Aut aut autem earum facilis commodi possimus.',1,0,'1998-04-21 09:29:25'),(151,59,99,'Sint minima eaque et. Et mollitia et saepe voluptatem maxime eos aut. Maxime vel tempore libero voluptates possimus. Labore voluptates eveniet assumenda quaerat aut.',1,0,'2007-09-07 02:31:52'),(152,20,100,'Ut autem sed soluta quia. Illo quas repellendus nobis voluptatem recusandae assumenda sed dolor. Sunt saepe exercitationem et placeat iure voluptates. Nisi odio repellendus deserunt fugiat.',1,0,'2011-06-10 21:16:48'),(153,39,96,'Dolorum facere id vel. At rerum pariatur quasi ducimus voluptates. Voluptatibus et sunt magni sint id.',1,0,'2012-07-01 23:48:14'),(154,62,23,'Autem qui nam qui corrupti autem consectetur. Rerum porro ut fugiat aliquid voluptatem soluta porro.',1,1,'1991-10-03 17:04:18'),(155,28,68,'Veritatis nesciunt esse sunt quo modi. Sunt dicta sunt quo ut. Aut sit earum dolores. Rerum sit ab quia corrupti et distinctio. Saepe quis nesciunt sit sed necessitatibus pariatur.',1,0,'2012-12-30 09:33:58'),(156,59,89,'Eum aut modi voluptatem omnis quia quidem. Beatae alias culpa recusandae modi eum dignissimos.',1,1,'2016-01-06 02:39:00'),(157,70,80,'Mollitia est est voluptatem ut praesentium ipsa voluptatibus. Maxime et provident deserunt natus atque in iste ut.',0,1,'1986-02-04 02:35:28'),(158,88,1,'Expedita dignissimos cum qui praesentium. Facere dolore sint dolorem id sed aut laudantium. Praesentium fuga voluptas nihil recusandae magnam et id. Iusto placeat vero et ut autem.',1,0,'1984-11-12 07:41:48'),(159,41,99,'Necessitatibus voluptatem ducimus aut illum voluptas. Dolorem doloremque molestias nulla rerum in numquam beatae. Dolorum ut itaque sed mollitia blanditiis nobis eveniet.',1,0,'1996-09-23 01:14:48'),(160,74,70,'Rem aut maxime magni et. Repellat quo ipsa voluptas vero aut qui saepe necessitatibus. Tempore quaerat expedita voluptatum architecto sequi.',0,0,'2009-03-11 06:27:43'),(161,28,30,'Et cumque magni qui reprehenderit esse. Sed soluta enim ab sed odit. Quaerat accusamus consectetur quos consequatur.',1,0,'1984-03-04 16:41:36'),(162,68,46,'Culpa numquam quo at. Et vel nisi explicabo dolore minus voluptas consequatur. Nam tempore blanditiis omnis. At velit sed iusto modi occaecati.',0,1,'2015-09-23 22:19:22'),(163,28,100,'Rem aut molestiae quaerat dolorum sed sint. Dolores rerum quis natus sit error recusandae quo. Temporibus voluptas ex inventore et deserunt quasi. Ea inventore dolore itaque quia nemo.',0,1,'1996-01-12 11:05:41'),(164,18,87,'Accusamus et a tenetur adipisci et vero. Eum occaecati minus pariatur eligendi veniam voluptates. Magni dolore corrupti qui soluta reprehenderit qui asperiores.',0,0,'2005-08-08 03:20:33'),(165,80,40,'Corporis saepe dolores a sint delectus ut. Dolore repellendus ex omnis maxime alias provident veniam facere. Porro deleniti sequi omnis est aut voluptatem commodi.',0,1,'1997-08-12 21:53:37'),(166,58,68,'Assumenda atque doloribus sapiente perferendis assumenda vel. Amet odio quis quia aperiam deleniti. Adipisci qui optio animi eveniet error vel dolores.',1,0,'1995-07-27 16:16:17'),(167,69,38,'Nobis expedita voluptas vero placeat at sunt. Suscipit dolor nulla dolorem odio ullam nostrum. Natus quidem nam eos et aut maxime.',1,0,'1982-03-18 04:27:44'),(168,81,94,'Accusamus consectetur animi quasi repellat eius et. Eos numquam non ratione voluptas commodi. Nemo animi natus optio impedit.',0,1,'1981-11-25 10:34:12'),(169,26,47,'Deleniti dolorum nihil tempora in. Quia ut quas consequatur qui earum.',1,1,'2014-02-15 07:26:45'),(170,55,35,'Quo assumenda maiores eveniet rerum quidem dicta dolores in. Dicta numquam autem necessitatibus pariatur placeat officia. Dolorem in esse in repellendus.',0,1,'1993-02-19 22:56:54'),(171,10,44,'Omnis blanditiis possimus omnis officiis. Quae occaecati quia suscipit consequuntur. Numquam neque accusantium magni sint nihil ut deleniti corrupti. Qui laudantium sint et sequi temporibus.',1,1,'1979-09-02 00:13:05'),(172,88,8,'Sunt fugit qui quo et maxime consequatur sit repellat. Incidunt dicta quam consequatur excepturi incidunt natus provident. Officiis culpa qui non distinctio.',1,0,'2008-11-21 08:35:26'),(173,75,52,'Ipsam maiores magni natus dolores. Modi debitis et odit sed magnam. Aut quo maiores deleniti nihil est. Eveniet beatae ad est odio exercitationem aut.',1,1,'1995-12-19 16:29:54'),(174,32,7,'Cumque ipsa nihil sequi et iusto voluptas qui ullam. Quasi quisquam voluptas enim aut quidem. Reiciendis neque rerum dolorem ratione fuga et ea.',1,1,'2017-11-05 00:26:41'),(175,35,57,'Quidem rerum recusandae occaecati repellat. Delectus est temporibus velit dicta delectus. Veniam quos quibusdam iusto sed. Beatae ad minima pariatur dolore ad voluptas. Omnis provident non asperiores aut.',1,0,'1984-08-13 17:16:51'),(176,76,11,'Similique ea sapiente in amet cum unde. Et aspernatur aspernatur vitae facere.',1,1,'2010-04-06 06:08:35'),(177,26,21,'Veniam quia amet vel dolor soluta. Velit et quisquam fuga.',1,0,'1998-07-26 22:08:41'),(178,97,21,'Architecto qui quia suscipit ullam velit voluptatem et. Pariatur sit sed temporibus. Optio qui et eum laborum aliquam omnis sit id.',0,1,'1977-07-31 00:30:54'),(179,2,12,'Reiciendis numquam eligendi possimus facere. Itaque quaerat eligendi non odio facilis non. Assumenda nostrum explicabo laboriosam consectetur consequatur repellendus fuga ipsam.',0,0,'2009-01-18 10:48:02'),(180,55,40,'Aliquam quo occaecati fuga aliquam. Modi quas voluptatem dolorum doloremque qui ut. Sit doloremque ut dolores. Reprehenderit minus voluptates velit rerum quia aut.',0,0,'1983-09-19 16:30:36'),(181,31,38,'Facilis consequatur ducimus tempora. Earum officiis occaecati velit distinctio. Minus aut quis eum recusandae dolorum quia quo reprehenderit.',0,1,'1993-07-23 10:37:33'),(182,96,64,'At eos et nam illum totam nihil ut. Et rerum molestiae explicabo et aut ad eum sint. Dolorum molestiae accusamus sapiente quo sequi dolor. Quo consequatur saepe omnis accusantium fuga dicta.',1,0,'1972-10-01 01:56:25'),(183,32,67,'Tenetur molestiae assumenda dolore recusandae enim possimus. Occaecati consequatur consequatur occaecati pariatur ipsa. Natus corrupti illum consequatur eos et quo et.',1,0,'1995-11-06 16:40:58'),(184,38,91,'Dignissimos ut aliquam vel dolor libero voluptatibus dolor. Beatae non ut ducimus vel sapiente qui delectus. Illum ea possimus doloremque qui. Quis perspiciatis quia ut vel.',1,0,'1999-11-11 16:14:14'),(185,40,26,'Explicabo consequatur quas repellat assumenda vel enim id adipisci. Sed dolore delectus iure non odit odio. Facilis id ipsa aliquam tenetur dolore repellendus et.',0,1,'2018-03-02 01:27:46'),(186,10,72,'Aut aut sint odit fugiat. Temporibus suscipit ducimus dolore aperiam ex. Voluptatem aut minima blanditiis adipisci deleniti molestiae autem. Mollitia commodi laboriosam consequatur cupiditate quod eos. Sequi occaecati aperiam atque vel sint.',1,0,'1983-08-15 09:54:49'),(187,27,19,'Nihil fuga nulla ut explicabo fuga. In iure voluptatibus illum porro minima nisi voluptatibus. Sunt doloremque enim itaque cum et ipsum eligendi. Ratione non et eos voluptas. Enim ipsa voluptatum molestiae.',1,0,'2015-06-28 08:01:29'),(188,13,10,'Voluptates quia dolor dolorem qui perspiciatis quis quam. Earum sed tenetur dolor culpa similique molestiae sint adipisci. Iusto optio beatae ducimus sed est sed.',1,0,'2014-11-11 12:40:49'),(189,10,19,'Hic cum molestias sequi molestiae. Illo consequuntur temporibus porro quia et optio impedit. Qui occaecati modi voluptatum numquam et. Dicta impedit quae voluptatibus quibusdam. Non doloremque necessitatibus consequatur necessitatibus.',0,0,'1991-04-06 04:50:34'),(190,65,69,'Necessitatibus sit non amet voluptatem reprehenderit veritatis. Quasi autem voluptate et quisquam molestias enim esse. Ut quisquam ut vero error voluptas.',1,0,'1977-06-15 14:51:28'),(191,48,32,'Repellat doloribus iusto minus enim animi. Consequatur eum aut eum numquam ab est. Sapiente eum rerum tenetur repellendus pariatur omnis eius. Ratione totam quo est sunt in suscipit.',1,1,'1986-05-06 18:27:51'),(192,15,80,'Quisquam voluptate et et et reprehenderit. Minima rem ex sed molestias magnam praesentium et. Et quasi molestiae error fugiat.',1,0,'2001-04-05 00:36:46'),(193,52,20,'Quia quia harum quas corporis cum rem officiis. Nostrum est et ducimus et blanditiis. Qui eius ab autem minima debitis recusandae.',1,0,'1974-02-23 12:12:27'),(194,44,59,'Occaecati animi eius debitis voluptate laboriosam laborum beatae. Quasi quia voluptates quasi ipsum. Reiciendis molestiae sed ut dolores eveniet quas. Illo rerum eum animi odit quo dolorem.',1,0,'1996-06-14 22:37:44'),(195,62,33,'Architecto quo neque autem eveniet quia. Qui et asperiores illo et et numquam. Repudiandae explicabo totam rerum minus.',0,1,'1985-08-27 19:30:28'),(196,79,93,'Iusto sed alias vel ut omnis. Ut consequatur neque ut nostrum est quod illo. Iusto et mollitia labore nisi qui. Repellendus temporibus quo sed.',1,0,'2012-06-04 06:51:59'),(197,31,73,'Labore ut laboriosam tenetur ratione. Dolores aliquam maiores est. Aliquid voluptatem nulla est expedita qui.',0,0,'1986-10-24 15:15:21'),(198,71,38,'Ut fugiat est id aut deleniti animi. Et voluptates voluptatem illum nihil velit. Voluptatibus sed id sit. Iusto dignissimos omnis perspiciatis numquam harum deleniti nobis.',1,0,'2007-08-04 19:47:03'),(199,77,68,'Quod et ea dolores ex magnam natus et consequatur. Officia neque sunt nihil aut similique porro est. Quia voluptatibus distinctio harum praesentium accusamus voluptas non. Reprehenderit aut non illo velit assumenda quis doloremque labore.',1,0,'2007-04-01 19:23:07'),(200,11,50,'Dolorem eum odit aspernatur quae. Consequatur odio impedit vel ducimus cumque voluptatem ut. Autem ut et sed vero vitae voluptatem. Aut quidem ut et tenetur ut facere tempora laborum.',1,1,'1979-01-30 12:49:38');
/*!40000 ALTER TABLE `messages` ENABLE KEYS */;
UNLOCK TABLES;

--
-- Table structure for table `posts`
--

DROP TABLE IF EXISTS `posts`;
/*!40101 SET @saved_cs_client     = @@character_set_client */;
/*!50503 SET character_set_client = utf8mb4 */;
CREATE TABLE `posts` (
  `id` int unsigned NOT NULL AUTO_INCREMENT,
  `user_id` int unsigned NOT NULL,
  `header` varchar(255) CHARACTER SET utf8 COLLATE utf8_unicode_ci DEFAULT NULL,
  `body` text CHARACTER SET utf8 COLLATE utf8_unicode_ci NOT NULL,
  `media_id` int unsigned DEFAULT NULL,
  `created_at` datetime DEFAULT CURRENT_TIMESTAMP,
  `updated_at` datetime DEFAULT CURRENT_TIMESTAMP ON UPDATE CURRENT_TIMESTAMP,
  PRIMARY KEY (`id`),
  KEY `posts_user_id_fk` (`user_id`),
  KEY `posts_media_id_fk` (`media_id`),
  CONSTRAINT `posts_media_id_fk` FOREIGN KEY (`media_id`) REFERENCES `media` (`id`) ON DELETE SET NULL,
  CONSTRAINT `posts_user_id_fk` FOREIGN KEY (`user_id`) REFERENCES `users` (`id`)
) ENGINE=InnoDB AUTO_INCREMENT=101 DEFAULT CHARSET=utf8 COLLATE=utf8_unicode_ci;
/*!40101 SET character_set_client = @saved_cs_client */;

--
-- Dumping data for table `posts`
--

LOCK TABLES `posts` WRITE;
/*!40000 ALTER TABLE `posts` DISABLE KEYS */;
INSERT INTO `posts` VALUES (1,84,'Corrupti non cum et officia eos adipisci aspernatur.','Sunt laudantium repellendus et. Optio eum voluptatum adipisci nobis et. Id et quia culpa hic sunt omnis cupiditate aut.',25,'1988-02-17 05:34:53','2019-12-12 08:02:52'),(2,28,'Qui culpa odio consequuntur sed.','Perferendis dignissimos minima temporibus omnis nihil. Quis sint nobis et voluptates earum quia. Fuga voluptate iusto in et voluptate.',33,'1978-06-04 07:25:39','2020-01-08 05:06:41'),(3,30,'Aliquid necessitatibus qui ut in ut vel.','Quaerat saepe et impedit qui quidem. Praesentium magnam blanditiis dolorem eos temporibus ea et est. Quod aspernatur natus autem quis a et.',57,'1980-11-01 23:10:37','2020-01-05 08:12:03'),(4,24,'Magni earum voluptatem deleniti voluptatem.','Blanditiis tempore nostrum est explicabo. Dolores et corrupti aut ea impedit similique vero. Voluptates quos vel est et architecto.',89,'2000-08-25 10:23:09','2020-01-05 01:06:35'),(5,90,'Nihil minus quibusdam quo corporis ut voluptatem.','Laudantium modi voluptas totam corporis sapiente veritatis blanditiis quam. Sed quasi facilis aspernatur quas numquam quam quo. Ea sunt aperiam et reiciendis rem repudiandae soluta. Molestiae debitis occaecati dolore quam.',1,'1980-11-10 03:38:03','2019-12-24 00:54:57'),(6,89,'Rem commodi vel aspernatur quo.','Sed iusto non veritatis qui est sequi. Quia totam similique laudantium explicabo. Sed deserunt laboriosam quo suscipit. Voluptatibus voluptates nihil aliquam quaerat.',68,'1994-03-25 10:33:04','2019-12-14 11:37:28'),(7,100,'Quia et omnis in quis aperiam ut saepe.','Ratione a est voluptas aperiam dolorum. Autem quidem quae in fugit fuga. Recusandae numquam eum ut aut omnis. Ut eius et delectus corporis quaerat animi qui.',29,'1973-09-18 04:57:55','2019-12-17 12:09:58'),(8,85,'Repellendus officiis quo mollitia velit voluptate quaerat explicabo.','Modi maiores accusantium vero totam. Iure eos nihil accusamus in saepe nulla. Recusandae a et consequatur amet maxime doloremque. Aut porro magni molestias incidunt fuga beatae maxime.',40,'2014-01-30 07:38:46','2020-01-04 05:01:11'),(9,26,'Qui assumenda eaque dolores quas voluptatum consequuntur corporis.','Praesentium ipsa et esse et ut et. Ipsam quibusdam est non enim et. Consequatur fuga qui temporibus voluptatem magnam ut asperiores.',38,'2016-01-24 00:31:23','2019-12-13 22:56:31'),(10,39,'Non voluptatem dolor eum qui adipisci labore ullam.','Rerum id itaque dolore maxime aut dolores. Excepturi in sequi perferendis eius dolores. Beatae labore odio atque molestiae. Ipsam aut reiciendis quod iusto nisi est qui.',81,'2012-08-22 18:14:54','2019-12-16 03:47:35'),(11,27,'Hic nam quibusdam laboriosam labore voluptatem.','In perspiciatis aut nesciunt beatae aliquid unde voluptas non. Nostrum laboriosam temporibus et officia maiores consequuntur quos. Neque et facilis laboriosam qui quis aperiam. Placeat aut qui fugit id eum libero. Omnis et fugit ut harum et culpa.',76,'2006-05-26 09:43:37','2019-12-25 16:29:28'),(12,57,'Dolor maiores dolorem pariatur.','Sunt modi sit maiores omnis. Quibusdam nobis eum vitae voluptatem alias veniam sint labore. Hic minima nobis ut sapiente beatae nostrum et. Numquam est repellat ut qui magnam sit.',92,'2010-07-08 15:10:16','2020-01-01 05:03:55'),(13,18,'Minima natus ut dicta est vero.','Voluptatem repellat sit quam. Qui dolorem soluta est possimus harum. Voluptas aut reiciendis explicabo cupiditate ut.',79,'1972-04-02 02:41:29','2019-12-29 07:33:56'),(14,36,'Cum dolorem ipsam assumenda.','Eum tenetur reiciendis et incidunt sint possimus voluptatem. Cumque et at eum doloribus sit. Illo exercitationem magni odit. Non nobis facilis veritatis et debitis ab.',13,'1992-03-04 09:10:56','2019-12-09 21:02:18'),(15,27,'Temporibus perferendis impedit ratione dolor voluptatibus similique aperiam.','Error qui delectus accusamus rem quis neque dignissimos. Accusamus nobis et alias quisquam quam. Aut velit sit atque ut. Quis autem amet molestias aliquid est enim quia voluptates.',65,'1981-01-19 18:22:33','2019-12-23 09:49:10'),(16,55,'Nostrum ut numquam doloribus aut.','Culpa repellat nihil ex magnam quia. Sint id ullam magnam voluptatem et vero. Voluptatem autem velit quam maiores.',90,'1985-08-22 16:46:37','2019-12-21 08:31:20'),(17,13,'Laudantium non ea quia ab totam aut.','Dolore harum iste tempora aliquam. Fuga autem non vel eos voluptas earum. Perspiciatis aliquam eos incidunt beatae excepturi beatae pariatur. Est qui similique beatae officia quasi. Ex ut nam quidem possimus ipsam autem nesciunt.',53,'1979-07-03 20:09:36','2019-12-19 05:57:37'),(18,72,'Ipsum rem ut dolor architecto.','Ea voluptate non sit tempore possimus neque libero praesentium. Ratione et aut accusamus similique. Impedit similique sequi maxime quis ex.',26,'2003-05-18 17:35:56','2019-12-18 21:06:32'),(19,13,'Voluptatibus explicabo atque assumenda incidunt.','Soluta sed cum quisquam. Sunt molestiae autem vel beatae cupiditate aperiam. Porro quam fugiat doloremque cum soluta. Sed qui sit illum.',79,'2014-12-30 00:05:14','2019-12-12 07:06:12'),(20,2,'Non dolorem tenetur tempore autem quas placeat.','Omnis maiores dolor quo ratione mollitia. Rerum magni quos at qui necessitatibus aliquam aperiam et. Necessitatibus magnam et incidunt possimus ea et sed. Animi expedita labore qui et expedita eius.',64,'1975-09-17 05:21:13','2019-12-28 00:11:03'),(21,47,'Facilis quia consequatur quis est.','Inventore cupiditate et rem perferendis sunt doloribus at eos. Sed non facere amet voluptatem recusandae molestiae. Quas architecto fuga architecto blanditiis sed et perferendis. Magni consequatur dolorem voluptatem voluptatem.',14,'2016-11-17 07:56:45','2019-12-24 17:08:05'),(22,83,'Excepturi dignissimos nemo magnam minima non distinctio qui.','Ut natus sit recusandae eum. Pariatur aut qui sapiente accusamus harum velit placeat quas. Qui sed et iste nihil ipsa omnis ut.',10,'1978-04-20 17:42:45','2019-12-10 22:55:01'),(23,84,'Iure non mollitia iusto libero et mollitia culpa rem.','Blanditiis quia tempora iste culpa est eveniet. Est necessitatibus eius id magnam expedita ipsa. Nihil repellendus culpa ipsa est sit fugiat.',39,'2012-04-10 18:32:39','2019-12-10 16:18:31'),(24,80,'Autem omnis iusto officiis a numquam unde.','Repellat modi sit ipsam officia quia ex. Autem qui inventore magnam. Neque dolores ut rem debitis minus ex. Dolores molestiae ipsum consequuntur cum esse vel ut.',3,'2012-03-31 06:11:02','2019-12-09 19:03:03'),(25,85,'Qui distinctio ipsum doloremque dolorem nostrum occaecati.','Saepe doloribus qui fuga fuga similique. Sit blanditiis ut consectetur neque libero dicta iusto consectetur. Autem sit dolorum sunt sed molestias velit.',54,'1980-11-27 08:04:18','2019-12-17 18:06:38'),(26,24,'Aut vero culpa voluptate et.','Et delectus dolor sunt molestiae dolorem architecto. Autem saepe qui maxime voluptates dicta beatae. Consequatur nihil delectus reiciendis aperiam. Expedita officiis pariatur aspernatur sit illum dolorum suscipit. Corrupti ex cum ea qui minima eius.',94,'2009-05-30 14:06:08','2019-12-31 21:49:48'),(27,63,'Similique est praesentium aspernatur quisquam exercitationem iste culpa.','Est accusamus eius possimus consequuntur alias. Sit quam magni nisi beatae cumque.',12,'1982-10-03 02:31:34','2020-01-04 05:45:41'),(28,80,'Excepturi ea consequuntur et illum ea.','Quis sunt ipsa voluptas sapiente. Temporibus necessitatibus sunt omnis accusamus corrupti. Est sed debitis autem expedita necessitatibus. Quas minus cum est cum. Aut esse odit sed.',59,'2014-06-13 16:02:48','2019-12-27 12:46:50'),(29,80,'Excepturi dolorem omnis fugiat est vel explicabo nihil.','Itaque dicta fugit doloremque explicabo. Asperiores et explicabo asperiores assumenda modi. Aut ut et at praesentium quaerat assumenda. Reiciendis fugit ut animi beatae.',18,'2007-02-03 08:41:37','2019-12-23 10:33:24'),(30,12,'Voluptatibus voluptas qui alias.','Deserunt aspernatur doloribus pariatur esse quia culpa quidem. Vel velit et explicabo dolor voluptas quo. Necessitatibus illo repellendus earum. Ullam delectus est eos enim asperiores eos sed.',43,'1978-01-23 20:51:01','2019-12-16 04:59:06'),(31,23,'Qui molestiae consectetur laborum omnis magni sed est libero.','Quis amet iure quaerat ex. Sequi beatae autem eaque vero hic quaerat. Assumenda quidem incidunt nobis ut velit sunt ut. Et reprehenderit reprehenderit autem quidem quaerat.',61,'2009-03-14 04:02:06','2019-12-12 01:33:05'),(32,13,'Ut a dolore ad sunt eos ut quia.','Earum doloribus quod commodi cumque. Neque aut sit odit aliquid est voluptatem et. In cumque laboriosam recusandae dolorem dolore. Id dolore blanditiis cumque quos.',94,'2017-08-16 04:30:48','2019-12-28 11:27:31'),(33,68,'Quo voluptas dolore vero qui officia inventore iste accusamus.','Qui hic quo reiciendis quo illum impedit et. Eaque id cupiditate quasi at modi ullam voluptatem laudantium. Rerum numquam rerum eos earum.',52,'2004-03-03 16:42:51','2019-12-22 21:15:25'),(34,36,'Dicta ipsum sit debitis blanditiis ut similique amet.','Quae qui ipsum minus. Voluptas qui inventore vitae. Autem cum corrupti qui ratione quaerat dolorem qui voluptate. Quam minus odit quia in.',40,'1998-02-19 09:54:54','2019-12-21 22:12:00'),(35,69,'Eligendi soluta est praesentium vero sit nobis.','Modi velit provident reprehenderit vero occaecati corrupti. Dolores consequuntur praesentium aut ipsa architecto perspiciatis numquam. Ut commodi consequatur dolorem quis fugit quidem architecto. Enim exercitationem labore laborum aut culpa beatae velit.',5,'1984-01-16 05:36:29','2019-12-14 02:24:07'),(36,67,'Consectetur vitae eligendi saepe nisi.','Voluptas magnam at et nesciunt provident et quibusdam laboriosam. Quibusdam quis consequuntur nulla ut quia quis iure exercitationem. Qui enim mollitia laboriosam assumenda.',81,'2006-11-28 01:30:40','2019-12-22 10:36:25'),(37,67,'Aut rerum dolorum nesciunt cumque aspernatur.','Ut quasi voluptatem laborum libero quis. Earum ut harum sunt saepe.',11,'1983-04-06 13:52:34','2019-12-26 03:46:59'),(38,21,'Omnis illum magni ut ex quis.','Iusto illo itaque laudantium libero. Voluptates non ab inventore reprehenderit sequi. Molestiae vel eligendi sed aliquam neque veritatis.',95,'1973-08-10 19:17:35','2020-01-05 15:25:55'),(39,78,'Omnis id repellendus molestias.','Rerum iure explicabo aut placeat voluptas. Corrupti dicta dignissimos voluptatem placeat. Eveniet voluptatem in architecto doloribus voluptate rem.',2,'2019-10-26 20:41:56','2020-01-02 12:08:07'),(40,7,'Perspiciatis ducimus ut possimus nostrum nesciunt quae ut.','Inventore nihil similique et quod aspernatur. Rerum iusto molestiae possimus blanditiis. Quo quae aut amet doloribus dolorum dolores. Aspernatur sint sunt cumque harum quo facilis voluptatem.',13,'1973-10-25 19:23:27','2019-12-13 15:07:18'),(41,41,'Et incidunt perferendis ex sunt voluptas.','Doloribus nam voluptas qui. Ullam id laborum voluptas vel quos omnis laudantium. Facere distinctio nam voluptas aliquam velit. Voluptas veritatis hic voluptatem accusamus magnam accusamus nesciunt occaecati.',98,'1983-12-13 14:09:40','2019-12-13 00:20:31'),(42,35,'Quia alias aut corporis vitae laudantium.','Occaecati incidunt sed quia enim voluptatem. Perferendis illo totam maxime alias enim alias animi. Laboriosam dignissimos et ut doloribus voluptatem vel aut. Ut sint consectetur corrupti voluptatem veritatis.',69,'1997-08-26 14:55:44','2020-01-01 09:23:52'),(43,94,'Est velit vitae eveniet dolor sed.','Sed nulla aliquam est veniam aliquam eius. Animi quas numquam quas fugiat. Eum nam temporibus maxime. Rerum accusantium et sapiente.',67,'1987-12-13 14:40:13','2019-12-30 14:47:52'),(44,59,'Commodi ut porro eligendi tenetur id quis.','Impedit consequatur dolorem incidunt consectetur. Sunt minus sit qui aut et. Voluptates magnam harum aspernatur consequuntur qui id. Officiis eum vitae accusantium quis. Non asperiores dolores optio ut perferendis quia et.',39,'2006-10-10 08:17:51','2019-12-20 11:33:15'),(45,61,'Omnis placeat ut magni tenetur vero temporibus.','Quia harum nesciunt sequi asperiores. Eum in aut esse quas est unde. Non cum libero consequatur occaecati fugiat aliquid. Nam quod sequi quasi necessitatibus hic quas dolores accusamus.',69,'2002-11-04 08:56:44','2019-12-22 11:27:08'),(46,8,'Ratione cum praesentium omnis id aperiam doloribus.','Facere est error qui et nisi. Cupiditate officia magnam assumenda repudiandae. Nisi ea animi rerum sit enim ut qui. Quod aliquid voluptatum voluptatem unde qui nihil.',5,'1997-10-21 13:53:06','2019-12-15 07:07:47'),(47,18,'Nesciunt error nostrum ratione suscipit eos et corrupti architecto.','Dolorem suscipit in sint tenetur totam enim. Rerum natus nostrum dolorem unde. Voluptate atque temporibus animi. Harum iusto minima et vitae qui.',25,'2018-04-19 12:50:37','2020-01-03 00:27:34'),(48,46,'Dolore et expedita tenetur.','Est ipsam in dicta ex occaecati. Iste qui in rerum. Enim in cum magni aut tenetur consequatur odit.',12,'2003-04-12 02:54:49','2019-12-20 17:49:11'),(49,92,'Exercitationem voluptate ipsam et officiis vero.','Laborum autem suscipit voluptas est harum. Blanditiis nihil exercitationem voluptatum at. Et aliquid id unde aperiam saepe est animi. Molestiae consequatur eligendi tempore ut aliquid.',12,'2012-01-21 17:25:08','2019-12-11 09:28:06'),(50,65,'Ut ducimus voluptates aut voluptatibus corporis voluptatem laborum.','Ut doloremque a animi quo et quis quam. Incidunt beatae temporibus sit. Dolore qui nulla id eius voluptas commodi.',67,'2006-08-26 01:27:45','2019-12-27 10:28:28'),(51,18,'Totam quaerat libero eos omnis.','Magnam non nobis dolorem voluptatem cum. Consequatur voluptatum ut cumque quo repellendus. Velit sed architecto autem ipsa at culpa. Ducimus architecto consequatur dolor quisquam.',68,'2006-10-16 11:08:54','2019-12-17 16:51:08'),(52,62,'Aliquid aperiam corrupti occaecati inventore dolores doloremque.','Officia culpa non in quam et magnam magni. Animi et ipsum natus non sint maiores ad. Eos ab iusto dolorem voluptas et.',98,'2007-02-14 09:48:45','2020-01-05 23:29:32'),(53,99,'Ad at suscipit hic minima est voluptatem non nam.','Unde qui aut qui accusantium. Beatae incidunt facilis eos iste. Quia voluptatem in debitis. Repellendus provident possimus consequatur velit et.',64,'1970-02-03 17:13:38','2020-01-08 01:30:56'),(54,49,'Accusamus aliquid aliquid ex vel numquam.','Id beatae id nulla aut sint maxime. Quis odio et repellendus nihil omnis. Autem sequi neque ducimus sed possimus consequatur autem. Modi nostrum culpa ut quisquam officia.',97,'2019-06-19 09:34:53','2019-12-09 22:25:56'),(55,17,'Molestiae libero occaecati quia modi minima quia.','Accusamus sequi et nemo animi autem qui sit. Facere asperiores omnis quis tempora omnis. Aut quo dolores nihil aliquam dolor aut sunt quas.',24,'1979-02-07 02:05:52','2019-12-20 04:27:52'),(56,76,'Asperiores nihil totam autem harum eveniet reiciendis sapiente quia.','Aspernatur molestiae amet ipsam voluptates. Quo distinctio voluptatum nihil veritatis. A qui non quia consequatur dicta dolor.',70,'2007-12-13 06:38:52','2019-12-25 11:53:57'),(57,63,'Quod saepe sed accusamus qui quis quod.','Aliquam pariatur aperiam nihil deleniti voluptates alias autem. Facere repudiandae autem sed dolorum occaecati. Mollitia eos perspiciatis similique et sapiente placeat tempore.',93,'1994-07-18 19:48:49','2020-01-05 14:20:58'),(58,24,'Molestiae id aut perspiciatis incidunt eos dolore beatae.','Vel aut doloribus quisquam qui praesentium. Doloribus placeat molestiae enim aut recusandae incidunt. Molestiae quidem culpa earum quia. Quo enim suscipit ut ut odio impedit voluptatem.',87,'1986-06-06 10:19:32','2020-01-02 04:22:49'),(59,6,'Voluptatum ut dolorum harum unde totam.','Voluptas accusantium molestiae et ex ullam ipsum aliquam sit. Est quidem sit necessitatibus dolorem officia. Et aspernatur sit consectetur quasi dolorum vitae. Rem perferendis sed necessitatibus dolorem.',100,'2016-08-07 04:31:49','2020-01-05 14:31:19'),(60,35,'Consequuntur iure ut nisi unde est.','Facilis porro voluptas et ratione. Tenetur laborum nihil qui exercitationem eum. Nemo veniam quod tenetur molestias rerum.',18,'1991-06-06 01:17:03','2019-12-23 00:05:01'),(61,56,'Necessitatibus eos sed veritatis.','Corrupti eum nam voluptatum officiis reprehenderit. Porro alias consectetur et.',20,'2011-06-21 06:08:08','2019-12-18 00:23:37'),(62,13,'Voluptatibus incidunt harum voluptatem dolores sint optio accusamus.','Iusto id voluptas molestiae voluptatem possimus dolores rerum. Aut itaque iusto excepturi dolor rerum deserunt. Est consequatur et et sapiente. Labore distinctio consequuntur doloremque mollitia esse eos.',99,'2013-08-16 01:43:16','2020-01-05 18:37:59'),(63,34,'Beatae maiores quam qui dolor.','Aut earum corrupti eaque omnis. Laboriosam odit nisi assumenda. Quibusdam et sint sed facere minima.',46,'1986-04-15 06:01:14','2019-12-27 03:39:53'),(64,8,'Esse voluptates voluptate in voluptates et non laborum.','Sed veniam aut laboriosam non nihil. Ducimus omnis necessitatibus in non eaque et. Incidunt ex qui similique sint tenetur.',97,'2004-03-21 21:57:23','2019-12-22 09:16:27'),(65,83,'Voluptatem inventore dolores consectetur velit quisquam similique sunt.','Dolores rerum enim est nulla delectus perspiciatis quis. Perspiciatis ut est et ut ut aliquid. At quibusdam ut modi modi omnis.',31,'1988-12-15 16:59:43','2019-12-27 06:24:20'),(66,17,'Ipsa quia sunt atque qui corrupti fugit hic.','Dolorum est dolorem accusantium sed nostrum adipisci ducimus quasi. Quas vitae provident necessitatibus odio assumenda qui voluptas.',89,'2010-06-20 07:45:56','2019-12-28 04:18:48'),(67,60,'Iure eveniet assumenda officia tenetur.','Atque voluptas molestias dolor labore nostrum eum delectus. Velit est vero aut. Rerum debitis sit incidunt iste et et iure. Beatae unde id corporis occaecati eaque.',43,'1995-11-24 08:21:22','2019-12-21 17:59:02'),(68,5,'Dicta rerum delectus veritatis natus.','Praesentium officiis ut et ex. Est quia at saepe est deserunt nobis. Culpa error cumque odio et quo. Aliquid aut deleniti expedita veritatis.',80,'2019-08-17 04:48:24','2019-12-21 03:56:29'),(69,97,'Corporis perspiciatis veritatis quibusdam officiis.','Omnis itaque ipsum est eveniet dolorem fugiat fuga. Quia repellat non aperiam eum. Dolores laborum excepturi rem eos.',33,'1972-11-27 18:36:17','2019-12-24 20:22:38'),(70,28,'Enim accusamus laboriosam ex fugiat placeat non laborum.','Voluptatem reiciendis alias esse nemo. Explicabo qui dignissimos voluptatem maiores qui quibusdam. Voluptatem quia nam corporis rerum exercitationem illo. Rem fugiat et in accusantium dolor libero.',39,'1981-10-15 12:44:09','2019-12-26 01:29:25'),(71,54,'Laboriosam ut corrupti non et aliquid voluptas.','Dolorem in dolor deleniti non sequi. Quo non rerum eum ipsam est blanditiis praesentium. Pariatur repellat minus molestiae neque occaecati. Qui asperiores molestiae molestiae est nobis aperiam accusamus.',40,'1983-04-20 04:48:07','2019-12-31 04:44:44'),(72,26,'Ut dolorum voluptate inventore autem.','Consequatur et et a molestias nostrum aut pariatur. Aut natus et aut harum vel. Est delectus corrupti velit qui occaecati provident.',27,'2008-02-14 12:32:05','2019-12-20 09:42:35'),(73,69,'Occaecati dolores est quaerat reiciendis nobis et tempora soluta.','Eum saepe consequatur nihil voluptatem. Voluptate autem reprehenderit expedita consectetur non.',70,'1982-11-19 06:05:37','2019-12-16 01:24:29'),(74,69,'Eos ut voluptatem exercitationem eum odio suscipit.','Porro facere dolore nobis occaecati et. Aut voluptatum est odio sed dolorem animi rerum aut. Nisi quis consequuntur debitis impedit et. Voluptatem nisi quo voluptatem hic facere iusto voluptates.',40,'2006-10-14 18:09:42','2019-12-19 00:15:49'),(75,37,'Et nulla quos dolor consequuntur natus non nesciunt porro.','Enim iure harum qui ipsam commodi. Vel quasi labore fugiat. Deleniti consequatur eaque eos.',90,'1984-03-29 03:26:40','2019-12-26 20:21:34'),(76,11,'Placeat et corporis error qui error odio sint voluptatem.','Minus quis nemo animi. Sit ex quasi laboriosam voluptatibus rem in magnam. Blanditiis qui est natus non repellat dolores.',5,'1987-08-07 23:17:20','2019-12-08 16:52:32'),(77,3,'Sed officiis corporis dolorum libero et.','Quibusdam est dolores perferendis quibusdam ipsam aut. A delectus tenetur et maxime accusantium et. Aperiam ut velit odio qui quidem nostrum asperiores.',22,'2017-01-04 08:42:37','2020-01-07 14:09:31'),(78,72,'Nostrum neque tenetur facilis rerum.','Explicabo tenetur recusandae ducimus similique dicta. Odio omnis blanditiis consequatur est quam et id. Animi modi ut aliquid nesciunt molestias. Facere aliquid optio omnis vel adipisci.',8,'1980-06-13 23:21:53','2019-12-26 19:43:37'),(79,63,'Et omnis non sunt vero rem.','Vitae odit id voluptatem nemo nulla et. Numquam sint suscipit et reprehenderit ea aut ea et. Maxime ducimus consequuntur in velit sequi omnis totam.',62,'2017-10-31 22:02:53','2020-01-08 03:55:41'),(80,69,'Ducimus beatae velit necessitatibus voluptas itaque.','Laboriosam dolor suscipit aut. Nemo tenetur maiores ea qui sint. Ut aut ut numquam quia. Id velit vero dolor quis occaecati incidunt magnam nostrum.',65,'1979-08-19 20:04:48','2020-01-04 08:42:03'),(81,98,'Adipisci ut enim eos modi voluptas voluptatem.','Corporis aut aliquid porro. In et ducimus molestiae adipisci dolorem repudiandae deleniti. Rerum beatae autem sit neque velit praesentium. Consequatur sit aliquid asperiores omnis quaerat odio.',46,'1986-10-26 12:41:46','2019-12-26 16:54:14'),(82,32,'Vitae magnam voluptates molestias itaque.','Tempora laboriosam quo distinctio quis. Distinctio ducimus qui amet perspiciatis rerum occaecati. Quibusdam consectetur occaecati tempora rerum fugiat qui voluptatum.',43,'1990-03-11 01:14:42','2019-12-11 20:49:05'),(83,96,'Sunt inventore eveniet quia ab.','Nisi error cumque quibusdam voluptas. Quia suscipit dolorum qui soluta nihil voluptatem. Magnam ut ut quis veniam. Alias explicabo ipsam nostrum id. Quo non dolores quia eveniet quis ullam.',96,'1987-11-29 16:37:21','2019-12-21 10:05:18'),(84,63,'Magnam omnis eos id non nihil.','Rem excepturi eos autem sed unde. Explicabo iste voluptatem nemo voluptas expedita illum ducimus. Sed autem repudiandae rerum pariatur earum dolorem ut provident.',9,'1996-07-10 05:36:00','2019-12-15 16:36:56'),(85,57,'Ut et neque natus et iste voluptatum id.','In fugiat voluptas eos dolorum placeat incidunt dolorem. Eligendi ut reiciendis repellendus.',79,'1971-06-26 22:15:46','2019-12-14 02:09:18'),(86,17,'Dolor eos veniam et ad voluptas dolorum.','Odio repellat asperiores est recusandae accusamus et. Et repellat id temporibus a quia.',87,'2013-12-25 04:24:56','2019-12-28 03:05:19'),(87,75,'Vero repudiandae est optio doloribus natus hic rerum et.','Culpa dicta ipsum tenetur quis et suscipit qui. Et rerum itaque est qui dolores eius. Itaque explicabo laboriosam ut vel soluta.',26,'2014-08-16 23:26:47','2019-12-16 03:37:09'),(88,60,'Odio aut debitis reiciendis earum nihil voluptas.','Et voluptatem natus ea quia. Cupiditate commodi quam suscipit ipsam. Aut et explicabo dolor. Ad temporibus ab corrupti porro.',53,'2019-01-11 17:51:57','2020-01-07 15:21:01'),(89,13,'Optio voluptas voluptas excepturi commodi soluta.','Est dolores officiis qui quaerat. Quae qui fugit corporis omnis et sit sed. Nobis aut qui rem ipsum et.',20,'2019-12-13 16:59:40','2020-01-04 22:38:46'),(90,59,'Labore quo unde aut error porro aliquam et.','Repellat sed est impedit quis. Eius voluptatibus non accusamus repellendus velit amet quo. Voluptas dolor eos fugiat sint deserunt placeat.',23,'1997-07-08 06:55:56','2019-12-27 13:18:26'),(91,3,'Laborum qui autem numquam repudiandae.','Sunt quod maxime corrupti distinctio. Molestiae quibusdam hic tempore eius accusamus cupiditate praesentium et. Nisi neque rerum nulla porro tempora rerum.',30,'2015-06-20 23:26:43','2019-12-26 07:13:19'),(92,93,'Velit dolore ut sunt.','Ipsa eaque soluta autem est harum reiciendis. Repellendus ipsum autem reiciendis amet reiciendis. Ducimus voluptatem hic amet commodi quam voluptatibus quas unde. Velit quidem quam quaerat fugiat odit alias.',19,'2015-03-28 23:38:26','2019-12-24 03:55:10'),(93,97,'Iusto recusandae enim ratione sunt qui.','Ab quis officiis voluptates aspernatur eos ea facere. Harum minus voluptates recusandae est autem explicabo quis. Rerum modi ad assumenda itaque architecto repudiandae. Animi distinctio aut quia.',68,'1991-09-01 10:21:31','2019-12-19 05:46:36'),(94,99,'Molestiae sit molestias consectetur et.','Temporibus error placeat eligendi. Labore consequatur ad id natus odit ipsa numquam dolorem. Itaque debitis architecto esse quibusdam fugiat. Animi sint repellat qui excepturi.',7,'1986-12-13 20:25:39','2019-12-08 22:25:19'),(95,66,'Eos qui aut aut quas et.','Eveniet incidunt recusandae expedita ut eligendi porro possimus non. Provident veritatis non veritatis optio. Pariatur cumque eligendi ea. Eum beatae et voluptas ipsam.',2,'1999-10-03 14:13:16','2019-12-22 20:07:27'),(96,48,'Perferendis ratione repudiandae cupiditate aperiam et eos.','Assumenda voluptatem tempora doloribus eligendi voluptas tempora. Officia voluptatibus voluptas qui ullam. Dolor corporis aut perspiciatis quidem nam dolores eveniet.',11,'1994-12-11 21:10:51','2019-12-18 18:03:02'),(97,11,'Ex consequatur praesentium quod modi.','Sed sit deleniti architecto tempora sed non. Blanditiis quisquam et unde exercitationem. Excepturi ab nihil et ducimus pariatur.',97,'1978-03-06 13:40:13','2019-12-28 09:49:39'),(98,40,'Facere voluptatem eos non cupiditate.','Atque tempore laudantium dicta nisi minima. Excepturi quas omnis ratione sit rerum delectus. Vitae enim reiciendis quia dicta quisquam quis nobis quibusdam. Rerum voluptas reiciendis aut aperiam doloribus aut cupiditate.',9,'2001-02-15 19:26:16','2019-12-25 13:19:03'),(99,28,'Nisi amet et atque delectus ut.','Qui qui corrupti laborum. Quia possimus itaque aut.',5,'2008-09-28 15:14:14','2019-12-12 06:04:14'),(100,36,'Harum cum et sint nihil provident aut ad.','Quo eos voluptatibus voluptatem. Sequi rerum est mollitia quas fuga nobis aliquid libero. Ducimus animi odio ad nostrum itaque.',69,'2000-05-21 05:13:22','2019-12-17 23:47:07');
/*!40000 ALTER TABLE `posts` ENABLE KEYS */;
UNLOCK TABLES;

--
-- Table structure for table `profiles`
--

DROP TABLE IF EXISTS `profiles`;
/*!40101 SET @saved_cs_client     = @@character_set_client */;
/*!50503 SET character_set_client = utf8mb4 */;
CREATE TABLE `profiles` (
  `user_id` int unsigned NOT NULL,
  `sex` char(1) CHARACTER SET utf8 COLLATE utf8_unicode_ci NOT NULL,
  `birthday` date DEFAULT NULL,
  `hometown` varchar(100) CHARACTER SET utf8 COLLATE utf8_unicode_ci DEFAULT NULL,
  `photo_id` int unsigned DEFAULT NULL,
  `updated_at` datetime DEFAULT CURRENT_TIMESTAMP ON UPDATE CURRENT_TIMESTAMP,
  PRIMARY KEY (`user_id`),
  KEY `profiles_photo_id_fk` (`photo_id`),
  CONSTRAINT `profiles_photo_id_fk` FOREIGN KEY (`photo_id`) REFERENCES `media` (`id`) ON DELETE SET NULL,
  CONSTRAINT `profiles_user_id_fk` FOREIGN KEY (`user_id`) REFERENCES `users` (`id`) ON DELETE CASCADE
) ENGINE=InnoDB DEFAULT CHARSET=utf8 COLLATE=utf8_unicode_ci;
/*!40101 SET character_set_client = @saved_cs_client */;

--
-- Dumping data for table `profiles`
--

LOCK TABLES `profiles` WRITE;
/*!40000 ALTER TABLE `profiles` DISABLE KEYS */;
INSERT INTO `profiles` VALUES (1,'m','2018-07-01','Mosciskibury',1,'2020-01-08 16:50:46'),(2,'f','2000-12-05','North Margretberg',2,'2020-01-08 16:50:46'),(3,'f','1996-11-17','Maggiehaven',3,'2020-01-08 16:50:46'),(4,'f','2004-12-04','South Rebekahburgh',4,'2020-01-08 16:50:46'),(5,'f','2009-09-23','Rebekatown',5,'2020-01-08 16:50:46'),(6,'m','2000-09-16','Mrazview',6,'2020-01-08 16:50:46'),(7,'f','1979-07-11','West Rahulstad',7,'2020-01-08 16:50:46'),(8,'m','1997-05-24','Verdafort',8,'2020-01-08 16:50:46'),(9,'m','2006-11-13','Millertown',9,'2020-01-08 16:50:46'),(10,'m','2001-07-05','New Stanley',10,'2020-01-08 16:50:46'),(11,'f','2019-06-09','Mitchellview',11,'2020-01-08 16:50:46'),(12,'f','1991-07-15','Boylemouth',12,'2020-01-08 16:50:46'),(13,'f','2009-04-22','Wallaceton',13,'2020-01-08 16:50:46'),(14,'f','2011-04-13','New Florida',14,'2020-01-08 16:50:46'),(15,'m','2013-09-17','Lake Roslyn',15,'2020-01-08 16:50:46'),(16,'f','2002-09-08','Brauliotown',16,'2020-01-08 16:50:46'),(17,'f','1984-11-14','West Fletcher',17,'2020-01-08 16:50:46'),(18,'m','1979-01-15','South Giuseppe',18,'2020-01-08 16:50:46'),(19,'m','2019-03-23','Madalynhaven',19,'2020-01-08 16:50:46'),(20,'f','2013-04-12','New Lea',20,'2020-01-08 16:50:46'),(21,'f','2001-01-02','South Gilberto',21,'2020-01-08 16:50:46'),(22,'m','1996-03-11','Lake Ashtynstad',22,'2020-01-08 16:50:46'),(23,'f','1993-05-19','DuBuqueside',23,'2020-01-08 16:50:46'),(24,'m','2007-05-13','Konopelskiland',24,'2020-01-08 16:50:46'),(25,'f','1990-08-06','Goldnertown',25,'2020-01-08 16:50:46'),(26,'m','1971-05-25','Abernathychester',26,'2020-01-08 16:50:46'),(27,'f','2005-04-20','Bodemouth',27,'2020-01-08 16:50:46'),(28,'m','1993-11-12','Port Colby',28,'2020-01-08 16:50:46'),(29,'m','2005-04-13','Cruickshankchester',29,'2020-01-08 16:50:46'),(30,'m','1991-03-21','Dietrichfurt',30,'2020-01-08 16:50:46'),(31,'m','1979-06-16','Agneschester',31,'2020-01-08 16:50:46'),(32,'m','1978-07-16','Kleinstad',32,'2020-01-08 16:50:46'),(33,'m','1972-01-16','Port Felipeport',33,'2020-01-08 16:50:46'),(34,'f','2019-06-02','Port Sadie',34,'2020-01-08 16:50:46'),(35,'f','1997-10-19','Volkmanmouth',35,'2020-01-08 16:50:46'),(36,'f','1985-10-12','Lake Michaelfurt',36,'2020-01-08 16:50:46'),(37,'f','2014-11-08','Jacobsberg',37,'2020-01-08 16:50:46'),(38,'f','1991-03-23','Port Trevionmouth',38,'2020-01-08 16:50:46'),(39,'m','1973-04-17','Port Gloria',39,'2020-01-08 16:50:46'),(40,'f','1997-11-20','Allanfurt',40,'2020-01-08 16:50:46'),(41,'f','2000-10-28','Whitefort',41,'2020-01-08 16:50:46'),(42,'f','1972-04-27','Tellyfurt',42,'2020-01-08 16:50:46'),(43,'m','1985-12-29','Wuckertmouth',43,'2020-01-08 16:50:46'),(44,'m','2006-04-01','Gleichnerburgh',44,'2020-01-08 16:50:46'),(45,'f','1987-05-15','North Maud',45,'2020-01-08 16:50:46'),(46,'m','1994-09-28','Moenberg',46,'2020-01-08 16:50:46'),(47,'f','2017-06-18','Port Claudinechester',47,'2020-01-08 16:50:46'),(48,'m','1991-02-16','South Adastad',48,'2020-01-08 16:50:46'),(49,'f','1987-02-15','Lake Karinaton',49,'2020-01-08 16:50:46'),(50,'m','1998-08-27','Smithside',50,'2020-01-08 16:50:46'),(51,'m','2013-05-23','North Camronstad',51,'2020-01-08 16:50:46'),(52,'f','1988-12-28','O\'Connerburgh',52,'2020-01-08 16:50:46'),(53,'f','2008-12-07','Mayertview',53,'2020-01-08 16:50:46'),(54,'m','1979-07-28','Port Katharina',54,'2020-01-08 16:50:46'),(55,'f','1999-12-27','North Madieberg',55,'2020-01-08 16:50:46'),(56,'f','1992-11-30','North Sedrickport',56,'2020-01-08 16:50:46'),(57,'m','2004-02-17','Lake Webster',57,'2020-01-08 16:50:46'),(58,'f','2011-09-15','Athenaport',58,'2020-01-08 16:50:46'),(59,'f','2000-12-24','Mullerland',59,'2020-01-08 16:50:46'),(60,'f','1985-12-01','Hermannfurt',60,'2020-01-08 16:50:46'),(61,'m','1972-12-02','Lake Rachael',61,'2020-01-08 16:50:46'),(62,'m','2004-11-13','Wiltonside',62,'2020-01-08 16:50:46'),(63,'f','1973-04-30','Jaychester',63,'2020-01-08 16:50:46'),(64,'m','2002-01-04','Metzshire',64,'2020-01-08 16:50:46'),(65,'m','2019-04-13','East Susana',65,'2020-01-08 16:50:46'),(66,'m','2011-05-01','Lake Kenyatta',66,'2020-01-08 16:50:46'),(67,'f','1997-11-27','Hudsontown',67,'2020-01-08 16:50:46'),(68,'m','2004-03-21','New Haskellbury',68,'2020-01-08 16:50:46'),(69,'f','2008-06-19','West Angelo',69,'2020-01-08 16:50:46'),(70,'m','1995-03-18','New Boris',70,'2020-01-08 16:50:46'),(71,'m','1989-12-09','Kaylinshire',71,'2020-01-08 16:50:46'),(72,'m','2016-09-19','Lake Caylashire',72,'2020-01-08 16:50:46'),(73,'f','2003-04-29','West Clarissa',73,'2020-01-08 16:50:46'),(74,'f','2012-06-14','South Markuschester',74,'2020-01-08 16:50:46'),(75,'f','2000-04-25','South Lamar',75,'2020-01-08 16:50:46'),(76,'m','1988-12-16','New Missourishire',76,'2020-01-08 16:50:46'),(77,'m','2003-12-30','South Kayla',77,'2020-01-08 16:50:46'),(78,'f','1979-06-02','East Ivory',78,'2020-01-08 16:50:46'),(79,'f','2018-11-20','Damarisshire',79,'2020-01-08 16:50:46'),(80,'m','1996-04-08','North Suzannefurt',80,'2020-01-08 16:50:46'),(81,'m','1996-09-15','West Estelle',81,'2020-01-08 16:50:46'),(82,'f','1986-11-07','North Hulda',82,'2020-01-08 16:50:46'),(83,'m','1997-08-15','Justenport',83,'2020-01-08 16:50:46'),(84,'m','2008-08-14','East Santinofurt',84,'2020-01-08 16:50:46'),(85,'m','1992-01-14','East Earnest',85,'2020-01-08 16:50:46'),(86,'f','1983-10-23','North Marco',86,'2020-01-08 16:50:46'),(87,'f','2007-05-04','New Yasmeen',87,'2020-01-08 16:50:46'),(88,'m','1979-03-06','West Danyka',88,'2020-01-08 16:50:46'),(89,'m','1990-02-26','Cleorashire',89,'2020-01-08 16:50:46'),(90,'m','1999-03-10','Port Norrisstad',90,'2020-01-08 16:50:46'),(91,'m','2008-11-03','Brisafort',91,'2020-01-08 16:50:46'),(92,'m','2011-04-30','New Bart',92,'2020-01-08 16:50:46'),(93,'f','2016-05-12','Port Mertieborough',93,'2020-01-08 16:50:46'),(94,'m','2019-08-08','Port Itzelchester',94,'2020-01-08 16:50:46'),(95,'m','1985-11-05','Ricestad',95,'2020-01-08 16:50:46'),(96,'m','1988-05-10','East Emmaleebury',96,'2020-01-08 16:50:46'),(97,'m','1976-04-14','Port Stanstad',97,'2020-01-08 16:50:46'),(98,'f','1998-11-28','South Gerardoview',98,'2020-01-08 16:50:46'),(99,'f','1975-10-19','Masonberg',99,'2020-01-08 16:50:46'),(100,'f','1971-10-02','Lake Emeliemouth',100,'2020-01-08 16:50:46');
/*!40000 ALTER TABLE `profiles` ENABLE KEYS */;
UNLOCK TABLES;

--
-- Table structure for table `target_types`
--

DROP TABLE IF EXISTS `target_types`;
/*!40101 SET @saved_cs_client     = @@character_set_client */;
/*!50503 SET character_set_client = utf8mb4 */;
CREATE TABLE `target_types` (
  `id` int unsigned NOT NULL AUTO_INCREMENT,
  `name` varchar(255) NOT NULL,
  `created_at` datetime DEFAULT CURRENT_TIMESTAMP,
  PRIMARY KEY (`id`),
  UNIQUE KEY `name` (`name`)
) ENGINE=InnoDB AUTO_INCREMENT=5 DEFAULT CHARSET=utf8mb4 COLLATE=utf8mb4_0900_ai_ci;
/*!40101 SET character_set_client = @saved_cs_client */;

--
-- Dumping data for table `target_types`
--

LOCK TABLES `target_types` WRITE;
/*!40000 ALTER TABLE `target_types` DISABLE KEYS */;
INSERT INTO `target_types` VALUES (1,'messages','2020-01-18 21:45:13'),(2,'users','2020-01-18 21:45:13'),(3,'media','2020-01-18 21:45:13'),(4,'posts','2020-01-18 21:45:13');
/*!40000 ALTER TABLE `target_types` ENABLE KEYS */;
UNLOCK TABLES;

--
-- Table structure for table `users`
--

DROP TABLE IF EXISTS `users`;
/*!40101 SET @saved_cs_client     = @@character_set_client */;
/*!50503 SET character_set_client = utf8mb4 */;
CREATE TABLE `users` (
  `id` int unsigned NOT NULL AUTO_INCREMENT,
  `first_name` varchar(100) CHARACTER SET utf8 COLLATE utf8_unicode_ci NOT NULL,
  `last_name` varchar(100) CHARACTER SET utf8 COLLATE utf8_unicode_ci NOT NULL,
  `email` varchar(120) CHARACTER SET utf8 COLLATE utf8_unicode_ci NOT NULL,
  `phone` varchar(120) CHARACTER SET utf8 COLLATE utf8_unicode_ci NOT NULL,
  `created_at` datetime DEFAULT CURRENT_TIMESTAMP,
  `updated_at` datetime DEFAULT CURRENT_TIMESTAMP ON UPDATE CURRENT_TIMESTAMP,
  PRIMARY KEY (`id`),
  UNIQUE KEY `email` (`email`),
  UNIQUE KEY `phone` (`phone`)
) ENGINE=InnoDB AUTO_INCREMENT=101 DEFAULT CHARSET=utf8 COLLATE=utf8_unicode_ci;
/*!40101 SET character_set_client = @saved_cs_client */;

--
-- Dumping data for table `users`
--

LOCK TABLES `users` WRITE;
/*!40000 ALTER TABLE `users` DISABLE KEYS */;
INSERT INTO `users` VALUES (1,'Kody','Gerlach','jaleel.walker@example.org','+59(9)2682976761','1975-06-29 13:19:18','1999-06-15 21:31:38'),(2,'Bridgette','Ruecker','bogisich.macy@example.org','+62(2)8026907926','2012-04-21 07:55:41','2019-04-08 14:10:16'),(3,'Coralie','Abbott','rosella43@example.com','235-814-2884','2002-04-13 07:51:25','2010-08-16 04:03:47'),(4,'Margaret','King','schaden.clementina@example.org','799-955-2749x3491','1979-05-27 12:24:40','2011-07-17 09:35:46'),(5,'Edythe','Torp','maymie.boyle@example.org','(492)802-9120x38071','2002-10-29 05:33:30','2003-03-04 06:58:27'),(6,'Destinee','Bins','pfeffer.monica@example.com','01622002167','1974-08-19 00:38:42','1987-10-24 08:58:17'),(7,'Collin','Okuneva','sschuster@example.net','1-640-808-1473x25918','1982-11-22 10:27:34','2010-04-24 14:40:30'),(8,'Herbert','Larkin','sgrimes@example.org','1-035-731-0085x961','1992-03-11 08:50:57','1992-04-11 08:50:57'),(9,'Abelardo','Berge','kuhlman.holly@example.org','832-339-9293x3589','1993-05-17 08:58:48','1993-06-17 08:58:48'),(10,'Janis','Waters','heathcote.melvin@example.net','686.241.0054','2002-01-23 03:22:09','2002-02-23 03:22:09'),(11,'Isaiah','Halvorson','nicole.nicolas@example.org','443-258-0728','1979-08-21 18:58:22','1984-04-11 05:31:01'),(12,'Juwan','Maggio','jeanette.hyatt@example.com','113.114.6910','1980-06-05 01:01:41','2019-01-23 05:50:54'),(13,'Sanford','O\'Kon','hoeger.nedra@example.net','1-503-749-7236x5678','2005-08-04 00:12:50','2005-09-04 00:12:50'),(14,'Maximillian','Bednar','jakayla.bartell@example.net','+47(0)4786776866','1976-04-01 16:39:21','1978-05-28 19:05:26'),(15,'Isadore','Ryan','ayden.mueller@example.org','+50(6)8932616728','1980-04-28 01:02:11','2016-02-25 05:15:31'),(16,'Margie','Deckow','vcorkery@example.com','(338)724-2882x267','2004-06-20 12:15:10','2004-07-20 12:15:10'),(17,'Bette','Larkin','bayer.madelynn@example.org','00883826773','2017-06-10 02:31:33','2017-07-10 02:31:33'),(18,'Armand','Lind','hpowlowski@example.net','02392057969','1998-03-22 21:46:24','2000-06-11 22:53:31'),(19,'Margaret','Morissette','joana83@example.com','(294)013-5390x624','1998-07-05 17:32:45','2003-07-27 18:45:04'),(20,'Ivory','Smith','kylee.pouros@example.org','(296)312-7458x85999','2015-08-07 22:32:26','2015-09-07 22:32:26'),(21,'Alexys','Hartmann','schiller.mireille@example.com','+67(8)6105003774','1979-03-04 22:38:59','1984-12-05 15:35:34'),(22,'Mariela','Wuckert','pfannerstill.jorge@example.com','251-959-2242x217','1997-05-15 09:22:07','1997-06-15 09:22:07'),(23,'Bernita','Barton','hoeger.eve@example.org','1-601-015-1156x89371','1988-03-07 11:04:17','1992-09-03 14:14:57'),(24,'Tyson','Williamson','wilderman.agustin@example.org','09967727097','1972-10-21 16:54:44','2001-02-01 12:22:26'),(25,'Lane','Botsford','beatrice49@example.com','1-930-249-0451x620','2013-12-26 09:23:38','2014-01-26 09:23:38'),(26,'Camille','Ankunding','kole.hoeger@example.net','(152)974-5050','1990-10-05 10:17:10','1990-11-05 10:17:10'),(27,'Oswald','Weber','jaren.smith@example.com','108.501.2238','1985-03-26 02:15:32','1985-04-26 02:15:32'),(28,'Lillian','Emmerich','alberta47@example.com','02890863498','1980-06-11 22:00:48','1980-07-11 22:00:48'),(29,'Cruz','Kessler','haley.jailyn@example.com','+32(2)2914995447','1973-05-18 22:46:05','2019-09-18 13:13:02'),(30,'Julien','D\'Amore','fadel.issac@example.org','1-749-826-8919','2012-06-12 03:35:48','2012-07-12 03:35:48'),(31,'Kayleigh','Herman','herminio40@example.org','816.243.2357x52680','1989-05-05 05:05:00','1989-06-05 05:05:00'),(32,'Sabrina','Herman','zsimonis@example.com','051.349.2540x545','1993-08-09 11:43:48','2017-02-22 18:30:13'),(33,'Don','Christiansen','marilie.volkman@example.net','991-302-9717','1999-09-18 10:00:43','1999-10-18 10:00:43'),(34,'Kamille','Huels','kub.tia@example.net','(225)565-3599x53035','1999-10-07 12:37:18','1999-11-07 12:37:18'),(35,'Edwardo','Gorczany','reynold17@example.net','1-787-665-9065x536','1992-12-16 14:55:01','1993-01-16 14:55:01'),(36,'Al','Hudson','alyce.hane@example.net','(120)487-2495x8479','2003-08-09 07:13:44','2003-09-09 07:13:44'),(37,'Eula','Reynolds','ettie97@example.com','1-670-564-6255x19468','1979-12-28 09:19:22','2000-12-05 21:41:17'),(38,'Alda','Emmerich','agerlach@example.com','(282)369-1049x6554','1994-07-19 18:29:08','2011-12-30 13:49:30'),(39,'Anita','Ankunding','mohammed.hagenes@example.org','(848)340-3819x590','2008-03-29 00:32:34','2008-04-29 00:32:34'),(40,'Isac','Dietrich','jasen47@example.com','01592839266','1972-02-22 07:03:25','1972-03-22 07:03:25'),(41,'Alverta','Schiller','lziemann@example.com','082.644.2217x9920','2007-02-02 09:51:33','2007-03-02 09:51:33'),(42,'Antwan','Hudson','sean.parker@example.org','808.108.3090','1992-01-21 04:40:52','2012-10-24 11:09:08'),(43,'Cyrus','Bruen','tillman.luettgen@example.org','245-577-2903','2019-08-31 21:09:20','2019-09-30 21:09:20'),(44,'Darrel','Schiller','fmitchell@example.com','584.502.9476x2149','1970-08-22 09:49:07','2017-02-08 13:42:45'),(45,'Vladimir','Lemke','newton.schmidt@example.org','05528617823','1996-05-17 01:31:31','1996-06-17 01:31:31'),(46,'Aiden','Ebert','jaquelin39@example.com','(389)284-2390','1993-04-08 01:53:57','2011-11-20 07:36:44'),(47,'Isaias','O\'Hara','lrempel@example.com','770-809-9984','1988-07-25 20:36:48','2005-12-17 01:06:36'),(48,'Odell','Jenkins','gideon37@example.org','1-842-646-6083','2015-12-01 18:51:11','2016-01-01 18:51:11'),(49,'Angelina','Cummings','justyn69@example.org','081-555-7269','1986-07-18 09:21:09','1986-08-18 09:21:09'),(50,'Rocio','Schiller','imarvin@example.net','329.303.1094','2012-09-06 19:24:56','2012-10-06 19:24:56'),(51,'Loyce','Oberbrunner','pagac.darien@example.net','07735543043','1996-03-24 11:55:26','1996-04-24 11:55:26'),(52,'Cornelius','Crooks','louie.koch@example.net','+30(0)0489945567','1989-10-08 05:59:19','1989-11-08 05:59:19'),(53,'Lauriane','Bergstrom','lauryn.mills@example.com','(423)225-6264','2011-03-07 18:11:40','2011-04-07 18:11:40'),(54,'Fredrick','Von','florencio.ondricka@example.net','183.477.9813x54051','1995-02-19 09:03:27','1995-03-19 09:03:27'),(55,'Lucy','Doyle','mbednar@example.org','08562879637','2009-07-26 19:32:01','2009-08-26 19:32:01'),(56,'Chance','Crist','adele.streich@example.net','821-760-0114','1978-08-30 04:21:28','1978-09-30 04:21:28'),(57,'Elijah','Fay','vandervort.dayna@example.com','(751)755-3579x7102','1999-12-29 09:42:09','2014-07-31 07:32:42'),(58,'Delilah','Windler','percy36@example.org','631.856.3050x09298','1977-08-06 15:48:57','1996-07-25 19:48:56'),(59,'Matt','Ortiz','lstokes@example.org','981-675-6794x979','2009-06-19 12:47:30','2009-07-19 12:47:30'),(60,'Isom','Wintheiser','chanelle.stoltenberg@example.org','+25(8)4590848490','1991-09-07 17:30:09','1991-10-07 17:30:09'),(61,'Erna','Kuhn','miller.brook@example.org','830.564.1710','1975-03-20 11:33:51','2006-07-04 23:38:08'),(62,'Sydney','Streich','johnston.ezequiel@example.org','838.142.0511x752','1971-11-04 02:54:04','2006-02-13 09:37:09'),(63,'Jennings','Larkin','sporer.bonnie@example.net','1-036-082-9639','1984-07-30 02:04:59','1984-08-30 02:04:59'),(64,'Marianna','O\'Kon','elta53@example.com','1-560-708-5636','1997-11-24 08:00:28','1997-12-24 08:00:28'),(65,'Lelah','Stark','ernser.jude@example.com','1-401-611-5654','1994-12-15 06:01:11','1995-01-15 06:01:11'),(66,'Frances','Schuppe','lgislason@example.org','+70(4)2193088331','2015-05-30 08:15:28','2015-06-30 08:15:28'),(67,'Mckenna','Wilkinson','aliza66@example.net','1-569-365-4435x671','1983-02-11 13:55:04','2015-11-02 11:32:11'),(68,'Taurean','Paucek','cecil.schmidt@example.com','014-221-7392','1999-06-14 21:10:26','1999-07-14 21:10:26'),(69,'Bobby','Shields','jess.homenick@example.net','(346)887-8105x48205','1998-07-17 09:24:48','1998-08-17 09:24:48'),(70,'Nichole','Rolfson','jamarcus66@example.net','245-938-4901','2010-12-20 09:55:25','2011-01-20 09:55:25'),(71,'Romaine','Walter','zieme.lorena@example.net','1-679-307-2141','1995-04-21 00:07:09','1995-05-21 00:07:09'),(72,'Lilliana','Torp','uconroy@example.org','(360)135-3918x00353','2013-04-24 04:43:40','2013-05-24 04:43:40'),(73,'Berneice','Koss','marvin.rhiannon@example.com','05461727817','1975-04-17 07:06:26','2013-11-15 12:54:56'),(74,'Kennith','Stehr','kunze.orval@example.org','800.790.7784x6976','2002-02-04 12:17:44','2002-03-04 12:17:44'),(75,'Tabitha','Denesik','megane87@example.net','248-783-1619x7026','2006-01-15 15:55:58','2017-03-13 07:50:53'),(76,'Reuben','Dietrich','ltorphy@example.org','(626)855-5195x077','1993-04-11 18:04:13','1998-01-23 03:01:37'),(77,'Stefanie','Dooley','angelina19@example.org','1-870-399-4207x455','2011-04-17 19:37:26','2011-05-17 19:37:26'),(78,'Bernard','Sipes','moore.orlando@example.net','(920)503-1988x317','1972-06-27 19:33:17','1995-05-28 13:40:22'),(79,'Trevor','Herzog','kelsi.goyette@example.net','433.820.9783','2019-07-12 01:09:26','2019-12-05 01:47:03'),(80,'Jeanette','Hickle','csimonis@example.org','(466)980-1615','2003-01-09 15:43:17','2003-02-09 15:43:17'),(81,'Sandra','Kub','oernser@example.org','(990)747-3223','2018-01-10 04:59:43','2018-02-10 04:59:43'),(82,'Shanelle','Corwin','lupe23@example.net','(444)464-4852','2015-08-23 17:57:30','2015-09-23 17:57:30'),(83,'Simeon','Kerluke','dawson.thompson@example.com','1-860-938-0496x33876','2014-02-12 12:10:19','2015-06-06 05:56:06'),(84,'Ruth','Graham','jorge.jerde@example.org','837.631.4346','2012-11-12 14:37:29','2016-05-20 09:39:21'),(85,'Duncan','Johnson','hquigley@example.org','+80(1)3344008519','1979-06-09 20:44:09','1981-05-01 15:52:04'),(86,'London','Jast','monserrat.ledner@example.org','08341001539','1998-12-29 18:42:09','1999-01-29 18:42:09'),(87,'Kacie','Wehner','rene68@example.net','184.923.8814','1987-05-27 20:01:46','1987-06-27 20:01:46'),(88,'Bryon','Cartwright','welch.kayleigh@example.net','1-387-125-4016','1993-03-14 13:32:07','2002-04-23 06:48:20'),(89,'Garrett','Nikolaus','rraynor@example.com','254-250-7859','1978-12-20 13:15:53','1979-01-20 13:15:53'),(90,'Norbert','Eichmann','rhessel@example.org','1-256-979-5489','1992-12-27 03:18:40','1993-01-27 03:18:40'),(91,'Taylor','Kris','lorenz.hegmann@example.org','+15(6)7478260549','1974-06-15 18:46:44','2007-05-21 22:59:26'),(92,'Nikita','Lebsack','gregorio46@example.net','281.936.6216','1998-02-10 04:39:25','2008-08-04 06:48:09'),(93,'Clara','Schinner','conroy.margaret@example.org','600.071.0263x353','2000-05-21 04:48:40','2004-09-09 03:21:21'),(94,'Bette','Moore','daugherty.juvenal@example.org','1-419-157-4054x079','2018-02-20 09:14:03','2018-03-20 09:14:03'),(95,'Anjali','Breitenberg','edwardo.schneider@example.org','1-961-231-3676x202','1993-12-21 09:45:57','1994-04-14 09:09:21'),(96,'Sadye','Effertz','ustoltenberg@example.org','+16(5)3994892121','1993-08-04 20:03:23','2006-03-07 16:19:49'),(97,'Jena','Bernier','herbert.kreiger@example.org','906.685.2632x35464','1995-04-13 12:48:07','1995-05-13 12:48:07'),(98,'Shawna','Gorczany','augustine.fisher@example.com','00624243791','1974-08-27 10:35:06','2004-01-31 02:41:23'),(99,'Domingo','Rosenbaum','dianna.effertz@example.org','962-239-7499x16317','1982-12-21 17:34:43','2000-03-19 16:38:03'),(100,'Alisa','Tromp','uriah.weber@example.net','585.007.1011x6589','1984-08-25 11:01:30','1984-12-05 00:23:48');
/*!40000 ALTER TABLE `users` ENABLE KEYS */;
UNLOCK TABLES;
/*!40103 SET TIME_ZONE=@OLD_TIME_ZONE */;

/*!40101 SET SQL_MODE=@OLD_SQL_MODE */;
/*!40014 SET FOREIGN_KEY_CHECKS=@OLD_FOREIGN_KEY_CHECKS */;
/*!40014 SET UNIQUE_CHECKS=@OLD_UNIQUE_CHECKS */;
/*!40101 SET CHARACTER_SET_CLIENT=@OLD_CHARACTER_SET_CLIENT */;
/*!40101 SET CHARACTER_SET_RESULTS=@OLD_CHARACTER_SET_RESULTS */;
/*!40101 SET COLLATION_CONNECTION=@OLD_COLLATION_CONNECTION */;
/*!40111 SET SQL_NOTES=@OLD_SQL_NOTES */;

-- Dump completed on 2020-01-26 23:14:52
